,Code,Organisation Name,National Grouping,High Level Health Geography,lat,long,Status,Date Of Publication,Primary Sector,"Integrated Care Board (where available, from ODS)"
0,R0A,MANCHESTER UNIVERSITY NHS FOUNDATION TRUST,Y62,QOP,53.46244,-2.22771,22/23 Standards Met,30/06/2023,NHS Trust,NHS GREATER MANCHESTER INTEGRATED CARE BOARD
1,R0B,SOUTH TYNESIDE AND SUNDERLAND NHS FOUNDATION TRUST,Y63,QHM,54.9027696,-1.4087054,22/23 Standards Exceeded,15/06/2023,NHS Trust,NHS NORTH EAST AND NORTH CUMBRIA INTEGRATED CARE BOARD
2,R0D,UNIVERSITY HOSPITALS DORSET NHS FOUNDATION TRUST,Y58,QVV,50.7213892,-1.972792,22/23 Approaching Standards,30/06/2023,NHS Trust,NHS DORSET INTEGRATED CARE BOARD
3,R1A,HEREFORDSHIRE AND WORCESTERSHIRE HEALTH AND CARE NHS TRUST,Y60,QGH,52.1921622,-2.179037867,22/23 Standards Exceeded,05/06/2023,NHS Trust,NHS HEREFORDSHIRE AND WORCESTERSHIRE INTEGRATED CARE BOARD
4,R1C,SOLENT NHS TRUST,Y59,QRL,50.9016066,-1.3297985,22/23 Standards Met,30/06/2023,NHS Trust,NHS HAMPSHIRE AND ISLE OF WIGHT INTEGRATED CARE BOARD
5,R1D,SHROPSHIRE COMMUNITY HEALTH NHS TRUST,Y60,QOC,52.70584,-2.78937,22/23 Standards Met,27/06/2023,NHS Trust,"NHS SHROPSHIRE, TELFORD AND WREKIN INTEGRATED CARE BOARD"
6,R1F,ISLE OF WIGHT NHS TRUST,Y59,QRL,50.71185648,-1.301087275,22/23 Standards Met,28/06/2023,NHS Trust,NHS HAMPSHIRE AND ISLE OF WIGHT INTEGRATED CARE BOARD
7,R1H,BARTS HEALTH NHS TRUST,Y56,QMF,51.51717,-0.05605,22/23 Standards Met,30/06/2023,NHS Trust,NHS NORTH EAST LONDON INTEGRATED CARE BOARD
8,R1K,LONDON NORTH WEST UNIVERSITY HEALTHCARE NHS TRUST,Y56,QRV,51.57518,-0.3215279,22/23 Standards Met,30/06/2023,NHS Trust,NHS NORTH WEST LONDON INTEGRATED CARE BOARD
9,R1L,ESSEX PARTNERSHIP UNIVERSITY NHS FOUNDATION TRUST,Y61,QH8,51.6310333,0.5396917,22/23 Standards Met,30/06/2023,NHS Trust,NHS MID AND SOUTH ESSEX INTEGRATED CARE BOARD
10,RA2,ROYAL SURREY COUNTY HOSPITAL NHS FOUNDATION TRUST,Y59,QXU,51.2413044,-0.608939075,22/23 Standards Met,30/06/2023,NHS Trust,NHS SURREY HEARTLANDS INTEGRATED CARE BOARD
11,RA4,YEOVIL DISTRICT HOSPITAL NHS FOUNDATION TRUST,Y58,QSL,50.9446928,-2.6344361,22/23 Standards Not Met,28/06/2022,NHS Trust,NHS SOMERSET INTEGRATED CARE BOARD
12,RA7,UNIVERSITY HOSPITALS BRISTOL AND WESTON NHS FOUNDATION TRUST,Y58,QUY,51.45914555,-2.59328625,22/23 Approaching Standards,30/06/2023,NHS Trust,"BRISTOL, NORTH SOMERSET AND SOUTH GLOUCESTERSHIRE ICB"
13,RA9,TORBAY AND SOUTH DEVON NHS FOUNDATION TRUST,Y58,QJK,50.48228603333333,-3.553696333,22/23 Standards Met,30/06/2023,NHS Trust,NHS DEVON INTEGRATED CARE BOARD
14,RAE,BRADFORD TEACHING HOSPITALS NHS FOUNDATION TRUST,Y63,QWO,53.80643576666666,-1.796465167,22/23 Standards Met,30/06/2023,NHS Trust,NHS WEST YORKSHIRE INTEGRATED CARE BOARD
15,RAJ,MID AND SOUTH ESSEX NHS FOUNDATION TRUST,Y61,QH8,51.5542562,0.6883159,22/23 Approaching Standards,29/06/2023,NHS Trust,NHS MID AND SOUTH ESSEX INTEGRATED CARE BOARD
16,RAL,ROYAL FREE LONDON NHS FOUNDATION TRUST,Y56,QMJ,51.553116,-0.1652263,22/23 Standards Met,30/06/2023,NHS Trust,NHS NORTH CENTRAL LONDON INTEGRATED CARE BOARD
17,RAN,ROYAL NATIONAL ORTHOPAEDIC HOSPITAL NHS TRUST,Y56,QRV,51.63257,-0.31044,22/23 Standards Met,08/06/2023,NHS Trust,NHS NORTH WEST LONDON INTEGRATED CARE BOARD
18,RAP,NORTH MIDDLESEX UNIVERSITY HOSPITAL NHS TRUST,Y56,QMJ,51.6134549,-0.0750372,22/23 Standards Met,30/06/2023,NHS Trust,NHS NORTH CENTRAL LONDON INTEGRATED CARE BOARD
19,RAS,THE HILLINGDON HOSPITALS NHS FOUNDATION TRUST,Y56,QRV,51.5254692,-0.4615325,22/23 Approaching Standards,30/06/2023,NHS Trust,NHS NORTH WEST LONDON INTEGRATED CARE BOARD
20,RAT,NORTH EAST LONDON NHS FOUNDATION TRUST,Y56,QMF,51.51858,0.17113,22/23 Standards Met,27/06/2023,NHS Trust,NHS NORTH EAST LONDON INTEGRATED CARE BOARD
21,RAX,KINGSTON HOSPITAL NHS FOUNDATION TRUST,Y56,QWE,51.4149843,-0.2825102,22/23 Approaching Standards,23/06/2023,NHS Trust,NHS SOUTH WEST LONDON INTEGRATED CARE BOARD
22,RBD,DORSET COUNTY HOSPITAL NHS FOUNDATION TRUST,Y58,QVV,50.71294,-2.44694,22/23 Standards Met,29/06/2023,NHS Trust,NHS DORSET INTEGRATED CARE BOARD
23,RBK,WALSALL HEALTHCARE NHS TRUST,Y60,QUA,52.58289288,-1.998394263,22/23 Approaching Standards,27/07/2023,NHS Trust,NHS BLACK COUNTRY INTEGRATED CARE BOARD
24,RBL,WIRRAL UNIVERSITY TEACHING HOSPITAL NHS FOUNDATION TRUST,Y62,QYG,53.3698806,-3.0956782,22/23 Standards Met,29/06/2023,NHS Trust,NHS CHESHIRE AND MERSEYSIDE INTEGRATED CARE BOARD
25,RBN,MERSEY AND WEST LANCASHIRE TEACHING HOSPITALS NHS TRUST,Y62,QYG,53.4200523,-2.7876834,22/23 Standards Met,30/06/2023,NHS Trust,NHS CHESHIRE AND MERSEYSIDE INTEGRATED CARE BOARD
26,RBQ,LIVERPOOL HEART AND CHEST HOSPITAL NHS FOUNDATION TRUST,Y62,QYG,53.41071688,-2.89991586,22/23 Standards Met,29/06/2023,NHS Trust,NHS CHESHIRE AND MERSEYSIDE INTEGRATED CARE BOARD
27,RBS,ALDER HEY CHILDREN'S NHS FOUNDATION TRUST,Y62,QYG,53.42125,-2.8978,22/23 Standards Met,29/06/2023,NHS Trust,NHS CHESHIRE AND MERSEYSIDE INTEGRATED CARE BOARD
28,RBT,MID CHESHIRE HOSPITALS NHS FOUNDATION TRUST,Y62,QYG,53.11924,-2.4762267,22/23 Standards Met,15/06/2023,NHS Trust,NHS CHESHIRE AND MERSEYSIDE INTEGRATED CARE BOARD
29,RBV,THE CHRISTIE NHS FOUNDATION TRUST,Y62,QOP,53.4296417,-2.2302095,22/23 Standards Met,30/06/2023,NHS Trust,NHS GREATER MANCHESTER INTEGRATED CARE BOARD
30,RC9,BEDFORDSHIRE HOSPITALS NHS FOUNDATION TRUST,Y61,QHG,51.8938451,-0.4742934,22/23 Approaching Standards,30/06/2023,NHS Trust,"NHS BEDFORDSHIRE, LUTON AND MILTON KEYNES INTEGRATED CARE BOARD"
31,RCB,YORK AND SCARBOROUGH TEACHING HOSPITALS NHS FOUNDATION TRUST,Y63,QOQ,53.9705116,-1.0839217,22/23 Standards Met,30/06/2023,NHS Trust,NHS HUMBER AND NORTH YORKSHIRE INTEGRATED CARE BOARD
32,RCD,HARROGATE AND DISTRICT NHS FOUNDATION TRUST,Y63,QOQ,53.9938316,-1.5180971,22/23 Standards Met,29/06/2023,NHS Trust,NHS HUMBER AND NORTH YORKSHIRE INTEGRATED CARE BOARD
33,RCF,AIREDALE NHS FOUNDATION TRUST,Y63,QWO,53.89763915,-1.964989,22/23 Standards Met,30/06/2023,NHS Trust,NHS WEST YORKSHIRE INTEGRATED CARE BOARD
34,RCU,SHEFFIELD CHILDREN'S NHS FOUNDATION TRUST,Y63,QF7,53.3805265,-1.4907278,22/23 Standards Met,28/06/2023,NHS Trust,NHS SOUTH YORKSHIRE INTEGRATED CARE BOARD
35,RCX,"THE QUEEN ELIZABETH HOSPITAL, KING'S LYNN, NHS FOUNDATION TRUST",Y61,QMM,52.7556864,0.4436087,22/23 Approaching Standards,30/06/2023,NHS Trust,NHS NORFOLK AND WAVENEY INTEGRATED CARE BOARD
36,RD1,ROYAL UNITED HOSPITALS BATH NHS FOUNDATION TRUST,Y58,QOX,51.39222078,-2.39161986,22/23 Standards Met,21/06/2023,NHS Trust,"NHS BATH AND NORTH EAST SOMERSET, SWINDON AND WILTSHIRE INTEGRATED CARE BOARD"
37,RD8,MILTON KEYNES UNIVERSITY HOSPITAL NHS FOUNDATION TRUST,Y61,QHG,52.0262824,-0.7359102,22/23 Standards Met,30/06/2023,NHS Trust,"NHS BEDFORDSHIRE, LUTON AND MILTON KEYNES INTEGRATED CARE BOARD"
38,RDE,EAST SUFFOLK AND NORTH ESSEX NHS FOUNDATION TRUST,Y61,QJG,51.9098515,0.8989391,22/23 Approaching Standards,29/06/2023,NHS Trust,NHS SUFFOLK AND NORTH EAST ESSEX INTEGRATED CARE BOARD
39,RDR,SUSSEX COMMUNITY NHS FOUNDATION TRUST,Y59,QNX,50.8304868,-0.1138012,22/23 Standards Met,30/06/2023,NHS Trust,NHS SUSSEX INTEGRATED CARE BOARD
40,RDU,FRIMLEY HEALTH NHS FOUNDATION TRUST,Y59,QNQ,51.31974986666667,-0.7415174,22/23 Approaching Standards,29/06/2023,NHS Trust,NHS FRIMLEY INTEGRATED CARE BOARD
41,RDY,DORSET HEALTHCARE UNIVERSITY NHS FOUNDATION TRUST,Y58,QVV,50.73927275,-1.9801659,22/23 Standards Met,30/06/2023,NHS Trust,NHS DORSET INTEGRATED CARE BOARD
42,REF,ROYAL CORNWALL HOSPITALS NHS TRUST,Y58,QT6,50.2663955,-5.0931487,22/23 Standards Met,27/06/2023,NHS Trust,NHS CORNWALL AND THE ISLES OF SCILLY INTEGRATED CARE BOARD
43,REM,LIVERPOOL UNIVERSITY HOSPITALS NHS FOUNDATION TRUST,Y62,QYG,53.41079556666667,-2.9629939,22/23 Standards Met,30/06/2023,NHS Trust,NHS CHESHIRE AND MERSEYSIDE INTEGRATED CARE BOARD
44,REN,THE CLATTERBRIDGE CANCER CENTRE NHS FOUNDATION TRUST,Y62,QYG,53.3316004,-3.0253121,22/23 Standards Exceeded,30/06/2023,NHS Trust,NHS CHESHIRE AND MERSEYSIDE INTEGRATED CARE BOARD
45,REP,LIVERPOOL WOMEN'S NHS FOUNDATION TRUST,Y62,QYG,53.39846,-2.96008,22/23 Standards Met,30/06/2023,NHS Trust,NHS CHESHIRE AND MERSEYSIDE INTEGRATED CARE BOARD
46,RET,THE WALTON CENTRE NHS FOUNDATION TRUST,Y62,QYG,53.4664,-2.931,22/23 Standards Met,30/06/2023,NHS Trust,NHS CHESHIRE AND MERSEYSIDE INTEGRATED CARE BOARD
47,RF4,"BARKING, HAVERING AND REDBRIDGE UNIVERSITY HOSPITALS NHS TRUST",Y56,QMF,51.56820595,0.18083295,22/23 Approaching Standards,29/06/2023,NHS Trust,NHS NORTH EAST LONDON INTEGRATED CARE BOARD
48,RFF,BARNSLEY HOSPITAL NHS FOUNDATION TRUST,Y63,QF7,53.55913,-1.49949,22/23 Standards Met,26/06/2023,NHS Trust,NHS SOUTH YORKSHIRE INTEGRATED CARE BOARD
49,RFR,THE ROTHERHAM NHS FOUNDATION TRUST,Y63,QF7,53.41397,-1.34288,22/23 Standards Met,26/06/2023,NHS Trust,NHS SOUTH YORKSHIRE INTEGRATED CARE BOARD
50,RFS,CHESTERFIELD ROYAL HOSPITAL NHS FOUNDATION TRUST,Y60,QJ2,53.23621,-1.40005,22/23 Standards Met,30/06/2023,NHS Trust,NHS DERBY AND DERBYSHIRE INTEGRATED CARE BOARD
51,RGD,LEEDS AND YORK PARTNERSHIP NHS FOUNDATION TRUST,Y63,QWO,53.82104,-1.53496,22/23 Standards Met,26/06/2023,NHS Trust,NHS WEST YORKSHIRE INTEGRATED CARE BOARD
52,RGM,ROYAL PAPWORTH HOSPITAL NHS FOUNDATION TRUST,Y61,QUE,52.1735144,0.1359492,22/23 Standards Met,16/06/2023,NHS Trust,NHS CAMBRIDGESHIRE AND PETERBOROUGH INTEGRATED CARE BOARD
53,RGN,NORTH WEST ANGLIA NHS FOUNDATION TRUST,Y61,QUE,52.5846459,-0.278872889,22/23 Approaching Standards,12/07/2023,NHS Trust,NHS CAMBRIDGESHIRE AND PETERBOROUGH INTEGRATED CARE BOARD
54,RGP,JAMES PAGET UNIVERSITY HOSPITALS NHS FOUNDATION TRUST,Y61,QMM,52.5616405,1.7176868,22/23 Standards Exceeded,29/06/2023,NHS Trust,NHS NORFOLK AND WAVENEY INTEGRATED CARE BOARD
55,RGR,WEST SUFFOLK NHS FOUNDATION TRUST,Y61,QJG,52.231652966666665,0.7091504333333333,22/23 Approaching Standards,20/07/2023,NHS Trust,NHS SUFFOLK AND NORTH EAST ESSEX INTEGRATED CARE BOARD
56,RGT,CAMBRIDGE UNIVERSITY HOSPITALS NHS FOUNDATION TRUST,Y61,QUE,52.17374,0.13911,22/23 Approaching Standards,30/06/2023,NHS Trust,NHS CAMBRIDGESHIRE AND PETERBOROUGH INTEGRATED CARE BOARD
57,RH5,SOMERSET NHS FOUNDATION TRUST,Y58,QSL,51.01131495,-3.1194584,22/23 Standards Exceeded,29/06/2023,NHS Trust,NHS SOMERSET INTEGRATED CARE BOARD
58,RH8,ROYAL DEVON UNIVERSITY HEALTHCARE NHS FOUNDATION TRUST,Y58,QJK,50.717541133333334,-3.5083626,22/23 Approaching Standards,26/06/2023,NHS Trust,NHS DEVON INTEGRATED CARE BOARD
59,RHA,NOTTINGHAMSHIRE HEALTHCARE NHS FOUNDATION TRUST,Y60,QT1,52.9794709,-1.1265417,22/23 Standards Met,28/06/2023,NHS Trust,NHS NOTTINGHAM AND NOTTINGHAMSHIRE INTEGRATED CARE BOARD
60,RHM,UNIVERSITY HOSPITAL SOUTHAMPTON NHS FOUNDATION TRUST,Y59,QRL,50.93284145,-1.434199983,22/23 Approaching Standards,15/06/2023,NHS Trust,NHS HAMPSHIRE AND ISLE OF WIGHT INTEGRATED CARE BOARD
61,RHQ,SHEFFIELD TEACHING HOSPITALS NHS FOUNDATION TRUST,Y63,QF7,53.40992015,-1.45673255,22/23 Standards Met,21/06/2023,NHS Trust,NHS SOUTH YORKSHIRE INTEGRATED CARE BOARD
62,RHU,PORTSMOUTH HOSPITALS UNIVERSITY NATIONAL HEALTH SERVICE TRUST,Y59,QRL,50.84952205,-1.071349575,22/23 Approaching Standards,30/06/2023,NHS Trust,NHS HAMPSHIRE AND ISLE OF WIGHT INTEGRATED CARE BOARD
63,RHW,ROYAL BERKSHIRE NHS FOUNDATION TRUST,Y59,QU9,51.45009923333333,-0.957996833,22/23 Approaching Standards,14/07/2023,NHS Trust,"NHS BUCKINGHAMSHIRE, OXFORDSHIRE AND BERKSHIRE WEST INTEGRATED CARE BOARD"
64,RJ1,GUY'S AND ST THOMAS' NHS FOUNDATION TRUST,Y56,QKK,51.49869091,-0.11902804,22/23 Approaching Standards,29/06/2023,NHS Trust,NHS SOUTH EAST LONDON INTEGRATED CARE BOARD
65,RJ2,LEWISHAM AND GREENWICH NHS TRUST,Y56,QKK,51.4537118,-0.01769825,22/23 Standards Met,29/06/2023,NHS Trust,NHS SOUTH EAST LONDON INTEGRATED CARE BOARD
66,RJ6,CROYDON HEALTH SERVICES NHS TRUST,Y56,QWE,51.3900178,-0.1102686,22/23 Approaching Standards,30/06/2023,NHS Trust,NHS SOUTH WEST LONDON INTEGRATED CARE BOARD
67,RJ7,ST GEORGE'S UNIVERSITY HOSPITALS NHS FOUNDATION TRUST,Y56,QWE,51.42662115,-0.174634867,22/23 Approaching Standards,30/06/2023,NHS Trust,NHS SOUTH WEST LONDON INTEGRATED CARE BOARD
68,RJ8,CORNWALL PARTNERSHIP NHS FOUNDATION TRUST,Y58,QT6,50.47176,-4.74082,22/23 Standards Met,29/06/2023,NHS Trust,NHS CORNWALL AND THE ISLES OF SCILLY INTEGRATED CARE BOARD
69,RJC,SOUTH WARWICKSHIRE UNIVERSITY NHS FOUNDATION TRUST,Y60,QWU,52.289886,-1.5847948,22/23 Standards Exceeded,28/06/2023,NHS Trust,NHS COVENTRY AND WARWICKSHIRE INTEGRATED CARE BOARD
70,RJE,UNIVERSITY HOSPITALS OF NORTH MIDLANDS NHS TRUST,Y60,QNC,53.00167625,-2.2129189,22/23 Approaching Standards,29/06/2023,NHS Trust,NHS STAFFORDSHIRE AND STOKE-ON-TRENT INTEGRATED CARE BOARD
71,RJL,NORTHERN LINCOLNSHIRE AND GOOLE NHS FOUNDATION TRUST,Y63,QOQ,53.54486,-0.09623,22/23 Approaching Standards,30/06/2023,NHS Trust,NHS HUMBER AND NORTH YORKSHIRE INTEGRATED CARE BOARD
72,RJN,EAST CHESHIRE NHS TRUST,Y62,QYG,53.26247105,-2.1404771,22/23 Standards Met,28/06/2023,NHS Trust,NHS CHESHIRE AND MERSEYSIDE INTEGRATED CARE BOARD
73,RJR,COUNTESS OF CHESTER HOSPITAL NHS FOUNDATION TRUST,Y62,QYG,53.20984215,-2.8994141,22/23 Approaching Standards,29/06/2023,NHS Trust,NHS CHESHIRE AND MERSEYSIDE INTEGRATED CARE BOARD
74,RJZ,KING'S COLLEGE HOSPITAL NHS FOUNDATION TRUST,Y56,QKK,51.46869308,-0.093666925,22/23 Standards Met,04/07/2023,NHS Trust,NHS SOUTH EAST LONDON INTEGRATED CARE BOARD
75,RK5,SHERWOOD FOREST HOSPITALS NHS FOUNDATION TRUST,Y60,QT1,53.1357303,-1.2358982,22/23 Standards Met,29/06/2023,NHS Trust,NHS NOTTINGHAM AND NOTTINGHAMSHIRE INTEGRATED CARE BOARD
76,RK9,UNIVERSITY HOSPITALS PLYMOUTH NHS TRUST,Y58,QJK,50.4160585,-4.114495,22/23 Approaching Standards,20/06/2023,NHS Trust,NHS DEVON INTEGRATED CARE BOARD
77,RKB,UNIVERSITY HOSPITALS COVENTRY AND WARWICKSHIRE NHS TRUST,Y60,QWU,52.4217835,-1.4365906,22/23 Standards Met,28/06/2023,NHS Trust,NHS COVENTRY AND WARWICKSHIRE INTEGRATED CARE BOARD
78,RKE,WHITTINGTON HEALTH NHS TRUST,Y56,QMJ,51.5665599,-0.1393414,22/23 Approaching Standards,18/07/2023,NHS Trust,NHS NORTH CENTRAL LONDON INTEGRATED CARE BOARD
79,RKL,WEST LONDON NHS TRUST,Y56,QRV,51.5066106,-0.3628311,22/23 Standards Met,30/06/2023,NHS Trust,NHS NORTH WEST LONDON INTEGRATED CARE BOARD
80,RL1,THE ROBERT JONES AND AGNES HUNT ORTHOPAEDIC HOSPITAL NHS FOUNDATION TRUST,Y60,QOC,52.88421,-3.03269,22/23 Standards Met,29/06/2023,NHS Trust,"NHS SHROPSHIRE, TELFORD AND WREKIN INTEGRATED CARE BOARD"
81,RL4,THE ROYAL WOLVERHAMPTON NHS TRUST,Y60,QUA,52.59972,-2.09556,22/23 Standards Met,28/06/2023,NHS Trust,NHS BLACK COUNTRY INTEGRATED CARE BOARD
82,RLQ,WYE VALLEY NHS TRUST,Y60,QGH,52.05701,-2.70571,22/23 Approaching Standards,16/06/2023,NHS Trust,NHS HEREFORDSHIRE AND WORCESTERSHIRE INTEGRATED CARE BOARD
83,RLT,GEORGE ELIOT HOSPITAL NHS TRUST,Y60,QWU,52.51258,-1.47844,22/23 Approaching Standards,30/06/2023,NHS Trust,NHS COVENTRY AND WARWICKSHIRE INTEGRATED CARE BOARD
84,RLY,NORTH STAFFORDSHIRE COMBINED HEALTHCARE NHS TRUST,Y60,QNC,52.9699,-2.16722,22/23 Standards Met,27/06/2023,NHS Trust,NHS STAFFORDSHIRE AND STOKE-ON-TRENT INTEGRATED CARE BOARD
85,RM1,NORFOLK AND NORWICH UNIVERSITY HOSPITALS NHS FOUNDATION TRUST,Y61,QMM,52.6172528,1.22130875,22/23 Standards Met,30/06/2023,NHS Trust,NHS NORFOLK AND WAVENEY INTEGRATED CARE BOARD
86,RM3,NORTHERN CARE ALLIANCE NHS FOUNDATION TRUST,Y62,QOP,53.4874685,-2.3243642,22/23 Standards Met,30/06/2023,NHS Trust,NHS GREATER MANCHESTER INTEGRATED CARE BOARD
87,RMC,BOLTON NHS FOUNDATION TRUST,Y62,QOP,53.5522814,-2.42954,22/23 Standards Met,23/06/2023,NHS Trust,NHS GREATER MANCHESTER INTEGRATED CARE BOARD
88,RMP,TAMESIDE AND GLOSSOP INTEGRATED CARE NHS FOUNDATION TRUST,Y62,QOP,53.49153,-2.07143,22/23 Approaching Standards,30/06/2023,NHS Trust,NHS GREATER MANCHESTER INTEGRATED CARE BOARD
89,RMY,NORFOLK AND SUFFOLK NHS FOUNDATION TRUST,Y61,QMM,52.6596812,1.2513472,22/23 Standards Met,19/06/2023,NHS Trust,NHS NORFOLK AND WAVENEY INTEGRATED CARE BOARD
90,RN3,GREAT WESTERN HOSPITALS NHS FOUNDATION TRUST,Y58,QOX,51.5384852,-1.7263778,22/23 Standards Met,29/06/2023,NHS Trust,"NHS BATH AND NORTH EAST SOMERSET, SWINDON AND WILTSHIRE INTEGRATED CARE BOARD"
91,RN5,HAMPSHIRE HOSPITALS NHS FOUNDATION TRUST,Y59,QRL,51.2818542,-1.11050395,22/23 Standards Met,30/06/2023,NHS Trust,NHS HAMPSHIRE AND ISLE OF WIGHT INTEGRATED CARE BOARD
92,RN7,DARTFORD AND GRAVESHAM NHS TRUST,Y59,QKS,51.4349928,0.2602607,22/23 Standards Met,30/06/2023,NHS Trust,NHS KENT AND MEDWAY INTEGRATED CARE BOARD
93,RNA,THE DUDLEY GROUP NHS FOUNDATION TRUST,Y60,QUA,52.5024733,-2.12124055,22/23 Standards Met,27/06/2023,NHS Trust,NHS BLACK COUNTRY INTEGRATED CARE BOARD
94,RNK,TAVISTOCK AND PORTMAN NHS FOUNDATION TRUST,Y56,QMJ,51.5469,-0.17544,22/23 Standards Not Met,29/06/2023,NHS Trust,NHS NORTH CENTRAL LONDON INTEGRATED CARE BOARD
95,RNN,NORTH CUMBRIA INTEGRATED CARE NHS FOUNDATION TRUST,Y63,QHM,54.896737,-2.9583574,22/23 Standards Met,28/06/2023,NHS Trust,NHS NORTH EAST AND NORTH CUMBRIA INTEGRATED CARE BOARD
96,RNQ,KETTERING GENERAL HOSPITAL NHS FOUNDATION TRUST,Y60,QPM,52.40246875,-0.7427838,22/23 Standards Met,29/06/2023,NHS Trust,NHS NORTHAMPTONSHIRE INTEGRATED CARE BOARD
97,RNS,NORTHAMPTON GENERAL HOSPITAL NHS TRUST,Y60,QPM,52.2362387,-0.8839991,22/23 Standards Met,29/06/2023,NHS Trust,NHS NORTHAMPTONSHIRE INTEGRATED CARE BOARD
98,RNU,OXFORD HEALTH NHS FOUNDATION TRUST,Y59,QU9,51.7508399,-1.22232,22/23 Standards Met,30/06/2023,NHS Trust,"NHS BUCKINGHAMSHIRE, OXFORDSHIRE AND BERKSHIRE WEST INTEGRATED CARE BOARD"
99,RNZ,SALISBURY NHS FOUNDATION TRUST,Y58,QOX,51.04395,-1.78982,22/23 Standards Met,30/06/2023,NHS Trust,"NHS BATH AND NORTH EAST SOMERSET, SWINDON AND WILTSHIRE INTEGRATED CARE BOARD"
100,RP1,NORTHAMPTONSHIRE HEALTHCARE NHS FOUNDATION TRUST,Y60,QPM,52.3937272,-0.7206623,22/23 Standards Met,28/06/2023,NHS Trust,NHS NORTHAMPTONSHIRE INTEGRATED CARE BOARD
101,RP4,GREAT ORMOND STREET HOSPITAL FOR CHILDREN NHS FOUNDATION TRUST,Y56,QMJ,51.5222431,-0.12045525,22/23 Standards Met,28/06/2023,NHS Trust,NHS NORTH CENTRAL LONDON INTEGRATED CARE BOARD
102,RP5,DONCASTER AND BASSETLAW TEACHING HOSPITALS NHS FOUNDATION TRUST,Y63,QF7,53.53078,-1.10894,22/23 Standards Met,29/06/2023,NHS Trust,NHS SOUTH YORKSHIRE INTEGRATED CARE BOARD
103,RP6,MOORFIELDS EYE HOSPITAL NHS FOUNDATION TRUST,Y56,QMJ,51.5272967,-0.0901355,22/23 Standards Met,30/06/2023,NHS Trust,NHS NORTH CENTRAL LONDON INTEGRATED CARE BOARD
104,RP7,LINCOLNSHIRE PARTNERSHIP NHS FOUNDATION TRUST,Y60,QJM,53.24403,-0.55691,22/23 Standards Met,06/06/2023,NHS Trust,NHS LINCOLNSHIRE INTEGRATED CARE BOARD
105,RPA,MEDWAY NHS FOUNDATION TRUST,Y59,QKS,51.3798003,0.5416386,22/23 Approaching Standards,29/06/2023,NHS Trust,NHS KENT AND MEDWAY INTEGRATED CARE BOARD
106,RPC,QUEEN VICTORIA HOSPITAL NHS FOUNDATION TRUST,Y59,QNX,51.13552387222222,-0.001661989,22/23 Standards Met,09/06/2023,NHS Trust,NHS SUSSEX INTEGRATED CARE BOARD
107,RPG,OXLEAS NHS FOUNDATION TRUST,Y59,QKS,51.43479,0.17474,22/23 Standards Met,29/06/2023,NHS Trust,NHS SOUTH EAST LONDON INTEGRATED CARE BOARD
108,RPY,THE ROYAL MARSDEN NHS FOUNDATION TRUST,Y56,QRV,51.49056,-0.17257,22/23 Standards Met,30/06/2023,NHS Trust,NHS NORTH WEST LONDON INTEGRATED CARE BOARD
109,RQ3,BIRMINGHAM WOMEN'S AND CHILDREN'S NHS FOUNDATION TRUST,Y60,QHL,52.4849032,-1.89424115,22/23 Standards Met,29/06/2023,NHS Trust,NHS BIRMINGHAM AND SOLIHULL INTEGRATED CARE BOARD
111,RQM,CHELSEA AND WESTMINSTER HOSPITAL NHS FOUNDATION TRUST,Y56,QRV,51.4842839,-0.181603,22/23 Standards Met,29/06/2023,NHS Trust,NHS NORTH WEST LONDON INTEGRATED CARE BOARD
112,RQW,THE PRINCESS ALEXANDRA HOSPITAL NHS TRUST,Y61,QM7,51.77153,0.08546,22/23 Standards Met,27/06/2023,NHS Trust,NHS HERTFORDSHIRE AND WEST ESSEX INTEGRATED CARE BOARD
113,RQX,HOMERTON HEALTHCARE NHS FOUNDATION TRUST,Y56,QMF,51.55005385,-0.0459811,22/23 Approaching Standards,03/07/2023,NHS Trust,NHS NORTH EAST LONDON INTEGRATED CARE BOARD
114,RQY,SOUTH WEST LONDON AND ST GEORGE'S MENTAL HEALTH NHS TRUST,Y56,QWE,51.43736,-0.17237,22/23 Standards Met,20/06/2023,NHS Trust,NHS SOUTH WEST LONDON INTEGRATED CARE BOARD
115,RR7,GATESHEAD HEALTH NHS FOUNDATION TRUST,Y63,QHM,54.93784345,-1.58111405,22/23 Standards Met,30/06/2023,NHS Trust,NHS NORTH EAST AND NORTH CUMBRIA INTEGRATED CARE BOARD
116,RR8,LEEDS TEACHING HOSPITALS NHS TRUST,Y63,QWO,53.8069351,-1.521480325,22/23 Standards Met,21/06/2023,NHS Trust,NHS WEST YORKSHIRE INTEGRATED CARE BOARD
117,RRE,MIDLANDS PARTNERSHIP NHS FOUNDATION TRUST,Y60,QNC,52.81063,-2.10927,22/23 Standards Met,30/06/2023,NHS Trust,NHS STAFFORDSHIRE AND STOKE-ON-TRENT INTEGRATED CARE BOARD
118,RRF,"WRIGHTINGTON, WIGAN AND LEIGH NHS FOUNDATION TRUST",Y62,QOP,53.5578171,-2.6296517,22/23 Standards Met,22/06/2023,NHS Trust,NHS GREATER MANCHESTER INTEGRATED CARE BOARD
119,RRJ,THE ROYAL ORTHOPAEDIC HOSPITAL NHS FOUNDATION TRUST,Y60,QHL,52.4211275,-1.9607413,22/23 Approaching Standards,29/06/2023,NHS Trust,NHS BIRMINGHAM AND SOLIHULL INTEGRATED CARE BOARD
120,RRK,UNIVERSITY HOSPITALS BIRMINGHAM NHS FOUNDATION TRUST,Y60,QHL,52.4532961,-1.9384003,22/23 Approaching Standards,20/07/2023,NHS Trust,NHS BIRMINGHAM AND SOLIHULL INTEGRATED CARE BOARD
121,RRP,"BARNET, ENFIELD AND HARINGEY MENTAL HEALTH NHS TRUST",Y56,QMJ,51.5798282,-0.0898069,22/23 Approaching Standards,30/06/2023,NHS Trust,NHS NORTH CENTRAL LONDON INTEGRATED CARE BOARD
122,RRU,LONDON AMBULANCE SERVICE NHS TRUST,Y56,QKK,51.50017,-0.10903,22/23 Standards Met,28/06/2023,NHS Trust,NHS SOUTH EAST LONDON INTEGRATED CARE BOARD
123,RRV,UNIVERSITY COLLEGE LONDON HOSPITALS NHS FOUNDATION TRUST,Y56,QMJ,51.52573,-0.13741,22/23 Standards Met,30/06/2023,NHS Trust,NHS NORTH CENTRAL LONDON INTEGRATED CARE BOARD
124,RT1,CAMBRIDGESHIRE AND PETERBOROUGH NHS FOUNDATION TRUST,Y61,QUE,52.1848097,0.188339,22/23 Standards Met,30/06/2023,NHS Trust,NHS CAMBRIDGESHIRE AND PETERBOROUGH INTEGRATED CARE BOARD
125,RT2,PENNINE CARE NHS FOUNDATION TRUST,Y62,QOP,53.48581,-2.09998,22/23 Standards Met,29/06/2023,NHS Trust,NHS GREATER MANCHESTER INTEGRATED CARE BOARD
127,RT5,LEICESTERSHIRE PARTNERSHIP NHS TRUST,Y60,QK1,52.6765,-1.1030199,22/23 Standards Met,30/06/2023,NHS Trust,"NHS LEICESTER, LEICESTERSHIRE AND RUTLAND INTEGRATED CARE BOARD"
128,RTD,THE NEWCASTLE UPON TYNE HOSPITALS NHS FOUNDATION TRUST,Y63,QHM,55.002468,-1.5937828,22/23 Standards Met,03/07/2023,NHS Trust,NHS NORTH EAST AND NORTH CUMBRIA INTEGRATED CARE BOARD
129,RTE,GLOUCESTERSHIRE HOSPITALS NHS FOUNDATION TRUST,Y58,QR1,51.8921411,-2.0719683,22/23 Approaching Standards,30/06/2023,NHS Trust,NHS GLOUCESTERSHIRE INTEGRATED CARE BOARD
130,RTF,NORTHUMBRIA HEALTHCARE NHS FOUNDATION TRUST,Y63,QHM,55.0264714,-1.4653033,22/23 Standards Met,29/06/2023,NHS Trust,NHS NORTH EAST AND NORTH CUMBRIA INTEGRATED CARE BOARD
131,RTG,UNIVERSITY HOSPITALS OF DERBY AND BURTON NHS FOUNDATION TRUST,Y60,QJ2,52.91076916923077,-1.513825592,22/23 Standards Met,26/06/2023,NHS Trust,NHS DERBY AND DERBYSHIRE INTEGRATED CARE BOARD
132,RTH,OXFORD UNIVERSITY HOSPITALS NHS FOUNDATION TRUST,Y59,QU9,51.7649387,-1.2204422,22/23 Standards Met,30/06/2023,NHS Trust,"NHS BUCKINGHAMSHIRE, OXFORDSHIRE AND BERKSHIRE WEST INTEGRATED CARE BOARD"
133,RTK,ASHFORD AND ST PETER'S HOSPITALS NHS FOUNDATION TRUST,Y59,QXU,51.3766453,-0.5262388,22/23 Standards Met,30/06/2023,NHS Trust,NHS SURREY HEARTLANDS INTEGRATED CARE BOARD
134,RTP,SURREY AND SUSSEX HEALTHCARE NHS TRUST,Y59,QXU,51.21919,-0.1620099,22/23 Standards Met,29/06/2023,NHS Trust,NHS SURREY HEARTLANDS INTEGRATED CARE BOARD
135,RTQ,GLOUCESTERSHIRE HEALTH AND CARE NHS FOUNDATION TRUST,Y58,QR1,51.8471078,-2.17648,22/23 Standards Exceeded,30/06/2023,NHS Trust,NHS GLOUCESTERSHIRE INTEGRATED CARE BOARD
136,RTR,SOUTH TEES HOSPITALS NHS FOUNDATION TRUST,Y63,QHM,54.55172303333334,-1.214676467,22/23 Standards Met,30/06/2023,NHS Trust,NHS NORTH EAST AND NORTH CUMBRIA INTEGRATED CARE BOARD
137,RTX,UNIVERSITY HOSPITALS OF MORECAMBE BAY NHS FOUNDATION TRUST,Y62,QE1,54.3066377,-2.7324755,22/23 Standards Met,29/06/2023,NHS Trust,NHS LANCASHIRE AND SOUTH CUMBRIA INTEGRATED CARE BOARD
138,RV3,CENTRAL AND NORTH WEST LONDON NHS FOUNDATION TRUST,Y56,QMJ,51.52430765,-0.14213205,22/23 Standards Met,26/06/2023,NHS Trust,NHS NORTH CENTRAL LONDON INTEGRATED CARE BOARD
139,RV5,SOUTH LONDON AND MAUDSLEY NHS FOUNDATION TRUST,Y56,QKK,51.3826416,-0.0311969,22/23 Standards Met,27/06/2023,NHS Trust,NHS SOUTH EAST LONDON INTEGRATED CARE BOARD
140,RV9,HUMBER TEACHING NHS FOUNDATION TRUST,Y63,QOQ,53.772057,-0.4446037,22/23 Standards Met,30/06/2023,NHS Trust,NHS HUMBER AND NORTH YORKSHIRE INTEGRATED CARE BOARD
141,RVJ,NORTH BRISTOL NHS TRUST,Y58,QUY,51.49677909,-2.592161263,22/23 Standards Met,13/06/2023,NHS Trust,"BRISTOL, NORTH SOMERSET AND SOUTH GLOUCESTERSHIRE ICB"
142,RVN,AVON AND WILTSHIRE MENTAL HEALTH PARTNERSHIP NHS TRUST,Y58,QOX,51.3885999,-2.39231,22/23 Standards Met,28/06/2023,NHS Trust,"NHS BATH AND NORTH EAST SOMERSET, SWINDON AND WILTSHIRE INTEGRATED CARE BOARD"
143,RVR,EPSOM AND ST HELIER UNIVERSITY HOSPITALS NHS TRUST,Y56,QWE,51.38045883,-0.184936225,22/23 Approaching Standards,30/06/2023,NHS Trust,NHS SOUTH WEST LONDON INTEGRATED CARE BOARD
144,RVV,EAST KENT HOSPITALS UNIVERSITY NHS FOUNDATION TRUST,Y59,QKS,51.26644185,1.08817555,22/23 Standards Exceeded,06/06/2023,NHS Trust,NHS KENT AND MEDWAY INTEGRATED CARE BOARD
145,RVW,NORTH TEES AND HARTLEPOOL NHS FOUNDATION TRUST,Y63,QHM,54.7021082,-1.228027,22/23 Standards Met,29/06/2023,NHS Trust,NHS NORTH EAST AND NORTH CUMBRIA INTEGRATED CARE BOARD
146,RW1,SOUTHERN HEALTH NHS FOUNDATION TRUST,Y59,QRL,50.93065535,-1.5274733,22/23 Standards Exceeded,28/06/2023,NHS Trust,NHS HAMPSHIRE AND ISLE OF WIGHT INTEGRATED CARE BOARD
147,RW4,MERSEY CARE NHS FOUNDATION TRUST,Y62,QYG,53.42402,-2.82642,22/23 Standards Exceeded,30/06/2023,NHS Trust,NHS CHESHIRE AND MERSEYSIDE INTEGRATED CARE BOARD
148,RW5,LANCASHIRE & SOUTH CUMBRIA NHS FOUNDATION TRUST,Y62,QE1,53.71864585,-2.64102015,22/23 Standards Met,29/06/2023,NHS Trust,NHS LANCASHIRE AND SOUTH CUMBRIA INTEGRATED CARE BOARD
149,RWA,HULL UNIVERSITY TEACHING HOSPITALS NHS TRUST,Y63,QOQ,53.7439724,-0.3542056,22/23 Approaching Standards,30/06/2023,NHS Trust,NHS HUMBER AND NORTH YORKSHIRE INTEGRATED CARE BOARD
150,RWD,UNITED LINCOLNSHIRE HOSPITALS NHS TRUST,Y60,QJM,53.23358,-0.51964,22/23 Approaching Standards,13/07/2023,NHS Trust,NHS LINCOLNSHIRE INTEGRATED CARE BOARD
151,RWE,UNIVERSITY HOSPITALS OF LEICESTER NHS TRUST,Y60,QK1,52.6282994,-1.1356811,22/23 Standards Met,30/06/2023,NHS Trust,"NHS LEICESTER, LEICESTERSHIRE AND RUTLAND INTEGRATED CARE BOARD"
152,RWF,MAIDSTONE AND TUNBRIDGE WELLS NHS TRUST,Y59,QKS,51.274735,0.484431,22/23 Approaching Standards,29/06/2023,NHS Trust,NHS KENT AND MEDWAY INTEGRATED CARE BOARD
153,RWG,WEST HERTFORDSHIRE TEACHING HOSPITALS NHS TRUST,Y61,QM7,51.6489199,-0.40419,22/23 Approaching Standards,30/06/2023,NHS Trust,NHS HERTFORDSHIRE AND WEST ESSEX INTEGRATED CARE BOARD
154,RWH,EAST AND NORTH HERTFORDSHIRE NHS TRUST,Y61,QM7,51.9244338,-0.2121547,22/23 Approaching Standards,30/06/2023,NHS Trust,NHS HERTFORDSHIRE AND WEST ESSEX INTEGRATED CARE BOARD
155,RWJ,STOCKPORT NHS FOUNDATION TRUST,Y62,QOP,53.38378,-2.1320199,22/23 Standards Met,30/06/2023,NHS Trust,NHS GREATER MANCHESTER INTEGRATED CARE BOARD
156,RWK,EAST LONDON NHS FOUNDATION TRUST,Y56,QMF,51.51350176666667,-0.072287533,22/23 Standards Met,30/06/2023,NHS Trust,NHS NORTH EAST LONDON INTEGRATED CARE BOARD
157,RWP,WORCESTERSHIRE ACUTE HOSPITALS NHS TRUST,Y60,QGH,52.1920982,-2.18398915,22/23 Approaching Standards,16/08/2023,NHS Trust,NHS HEREFORDSHIRE AND WORCESTERSHIRE INTEGRATED CARE BOARD
158,RWR,HERTFORDSHIRE PARTNERSHIP UNIVERSITY NHS FOUNDATION TRUST,Y61,QM7,51.7669801,-0.2166447,22/23 Standards Met,28/06/2023,NHS Trust,NHS HERTFORDSHIRE AND WEST ESSEX INTEGRATED CARE BOARD
159,RWV,DEVON PARTNERSHIP NHS TRUST,Y58,QJK,50.7155182,-3.5064242,22/23 Standards Exceeded,27/06/2023,NHS Trust,NHS DEVON INTEGRATED CARE BOARD
160,RWW,WARRINGTON AND HALTON TEACHING HOSPITALS NHS FOUNDATION TRUST,Y62,QYG,53.39451213,-2.610288075,22/23 Approaching Standards,10/08/2023,NHS Trust,NHS CHESHIRE AND MERSEYSIDE INTEGRATED CARE BOARD
161,RWX,BERKSHIRE HEALTHCARE NHS FOUNDATION TRUST,Y59,QNQ,51.4162039,-0.739521,22/23 Standards Exceeded,28/06/2023,NHS Trust,NHS FRIMLEY INTEGRATED CARE BOARD
162,RWY,CALDERDALE AND HUDDERSFIELD NHS FOUNDATION TRUST,Y63,QWO,53.65547,-1.81634,22/23 Standards Met,30/06/2023,NHS Trust,NHS WEST YORKSHIRE INTEGRATED CARE BOARD
163,RX1,NOTTINGHAM UNIVERSITY HOSPITALS NHS TRUST,Y60,QT1,52.9434616,-1.185488929,22/23 Approaching Standards,17/08/2023,NHS Trust,NHS NOTTINGHAM AND NOTTINGHAMSHIRE INTEGRATED CARE BOARD
164,RX2,SUSSEX PARTNERSHIP NHS FOUNDATION TRUST,Y59,QNX,50.8412951,-0.4110296,22/23 Standards Met,28/06/2023,NHS Trust,NHS SUSSEX INTEGRATED CARE BOARD
165,RX3,"TEES, ESK AND WEAR VALLEYS NHS FOUNDATION TRUST",Y63,QHM,54.5432286,-1.5912038,22/23 Approaching Standards,30/06/2023,NHS Trust,NHS NORTH EAST AND NORTH CUMBRIA INTEGRATED CARE BOARD
166,RX4,"CUMBRIA, NORTHUMBERLAND, TYNE AND WEAR NHS FOUNDATION TRUST",Y63,QHM,55.00649,-1.6331,22/23 Standards Met,30/06/2023,NHS Trust,NHS NORTH EAST AND NORTH CUMBRIA INTEGRATED CARE BOARD
167,RX6,NORTH EAST AMBULANCE SERVICE NHS FOUNDATION TRUST,Y63,QHM,54.96877165,-1.7109424,22/23 Standards Met,30/06/2023,NHS Trust,NHS NORTH EAST AND NORTH CUMBRIA INTEGRATED CARE BOARD
168,RX7,NORTH WEST AMBULANCE SERVICE NHS TRUST,Y62,QOP,53.579,-2.47581,22/23 Approaching Standards,05/07/2023,NHS Trust,NHS GREATER MANCHESTER INTEGRATED CARE BOARD
169,RX8,YORKSHIRE AMBULANCE SERVICE NHS TRUST,Y63,QWO,53.708506533333335,-1.5179028,22/23 Standards Met,29/06/2023,NHS Trust,NHS WEST YORKSHIRE INTEGRATED CARE BOARD
170,RX9,EAST MIDLANDS AMBULANCE SERVICE NHS TRUST,Y60,QT1,52.98152207222222,-1.238102161,22/23 Approaching Standards,29/06/2023,NHS Trust,NHS NOTTINGHAM AND NOTTINGHAMSHIRE INTEGRATED CARE BOARD
171,RXA,CHESHIRE AND WIRRAL PARTNERSHIP NHS FOUNDATION TRUST,Y62,QYG,53.2117014,-2.8992312,22/23 Standards Met,21/06/2023,NHS Trust,NHS CHESHIRE AND MERSEYSIDE INTEGRATED CARE BOARD
172,RXC,EAST SUSSEX HEALTHCARE NHS TRUST,Y59,QNX,50.8882967,0.5615019,22/23 Standards Met,30/06/2023,NHS Trust,NHS SUSSEX INTEGRATED CARE BOARD
173,RXE,ROTHERHAM DONCASTER AND SOUTH HUMBER NHS FOUNDATION TRUST,Y63,QF7,53.4948,-1.14598,22/23 Standards Met,30/06/2023,NHS Trust,NHS SOUTH YORKSHIRE INTEGRATED CARE BOARD
174,RXF,MID YORKSHIRE TEACHING NHS TRUST,Y63,QWO,53.6930006,-1.488184192,22/23 Approaching Standards,30/06/2023,NHS Trust,NHS WEST YORKSHIRE INTEGRATED CARE BOARD
175,RXG,SOUTH WEST YORKSHIRE PARTNERSHIP NHS FOUNDATION TRUST,Y63,QWO,53.69839241,-1.492420475,22/23 Standards Exceeded,30/08/2023,NHS Trust,NHS WEST YORKSHIRE INTEGRATED CARE BOARD
176,RXK,SANDWELL AND WEST BIRMINGHAM HOSPITALS NHS TRUST,Y60,QHL,52.4876369,-1.9302035,22/23 Standards Met,29/06/2023,NHS Trust,NHS BIRMINGHAM AND SOLIHULL INTEGRATED CARE BOARD
177,RXL,BLACKPOOL TEACHING HOSPITALS NHS FOUNDATION TRUST,Y62,QE1,53.820574810000004,-3.01281879,22/23 Standards Met,27/06/2023,NHS Trust,NHS LANCASHIRE AND SOUTH CUMBRIA INTEGRATED CARE BOARD
178,RXM,DERBYSHIRE HEALTHCARE NHS FOUNDATION TRUST,Y60,QJ2,52.91830586666667,-1.512895833,22/23 Standards Met,26/06/2023,NHS Trust,NHS DERBY AND DERBYSHIRE INTEGRATED CARE BOARD
179,RXN,LANCASHIRE TEACHING HOSPITALS NHS FOUNDATION TRUST,Y62,QE1,53.79104885,-2.706304775,22/23 Standards Met,26/06/2023,NHS Trust,NHS LANCASHIRE AND SOUTH CUMBRIA INTEGRATED CARE BOARD
180,RXP,COUNTY DURHAM AND DARLINGTON NHS FOUNDATION TRUST,Y63,QHM,54.5306627,-1.5636355,22/23 Standards Exceeded,27/06/2023,NHS Trust,NHS NORTH EAST AND NORTH CUMBRIA INTEGRATED CARE BOARD
181,RXQ,BUCKINGHAMSHIRE HEALTHCARE NHS TRUST,Y59,QU9,51.6629999,-0.62143,22/23 Approaching Standards,18/08/2023,NHS Trust,"NHS BUCKINGHAMSHIRE, OXFORDSHIRE AND BERKSHIRE WEST INTEGRATED CARE BOARD"
182,RXR,EAST LANCASHIRE HOSPITALS NHS TRUST,Y62,QE1,53.7359807,-2.4635709,22/23 Standards Met,28/07/2023,NHS Trust,NHS LANCASHIRE AND SOUTH CUMBRIA INTEGRATED CARE BOARD
183,RXT,BIRMINGHAM AND SOLIHULL MENTAL HEALTH NHS FOUNDATION TRUST,Y60,QHL,52.4842588,-1.91751244,22/23 Standards Met,30/06/2023,NHS Trust,NHS BIRMINGHAM AND SOLIHULL INTEGRATED CARE BOARD
184,RXV,GREATER MANCHESTER MENTAL HEALTH NHS FOUNDATION TRUST,Y62,QOP,53.533573133333334,-2.295755333,22/23 Standards Exceeded,11/07/2023,NHS Trust,NHS GREATER MANCHESTER INTEGRATED CARE BOARD
185,RXW,THE SHREWSBURY AND TELFORD HOSPITAL NHS TRUST,Y60,QOC,52.70870155714286,-2.793561857,22/23 Approaching Standards,30/06/2023,NHS Trust,"NHS SHROPSHIRE, TELFORD AND WREKIN INTEGRATED CARE BOARD"
186,RXX,SURREY AND BORDERS PARTNERSHIP NHS FOUNDATION TRUST,Y59,QXU,51.29759,-0.33563,22/23 Standards Met,30/06/2023,NHS Trust,NHS SURREY HEARTLANDS INTEGRATED CARE BOARD
187,RXY,KENT AND MEDWAY NHS AND SOCIAL CARE PARTNERSHIP TRUST,Y59,QKS,51.2725763,0.4866078,22/23 Standards Met,26/06/2023,NHS Trust,NHS KENT AND MEDWAY INTEGRATED CARE BOARD
188,RY2,BRIDGEWATER COMMUNITY HEALTHCARE NHS FOUNDATION TRUST,Y62,QYG,53.41408441666667,-2.528533,22/23 Approaching Standards,29/06/2023,NHS Trust,NHS CHESHIRE AND MERSEYSIDE INTEGRATED CARE BOARD
189,RY3,NORFOLK COMMUNITY HEALTH AND CARE NHS TRUST,Y61,QMM,52.6341417,1.2625801,22/23 Standards Met,26/06/2023,NHS Trust,NHS NORFOLK AND WAVENEY INTEGRATED CARE BOARD
190,RY4,HERTFORDSHIRE COMMUNITY NHS TRUST,Y61,QM7,51.8021534,-0.19420635,22/23 Standards Met,29/06/2023,NHS Trust,NHS HERTFORDSHIRE AND WEST ESSEX INTEGRATED CARE BOARD
191,RY5,LINCOLNSHIRE COMMUNITY HEALTH SERVICES NHS TRUST,Y60,QJM,53.22647,-0.52415,22/23 Standards Met,30/06/2023,NHS Trust,NHS LINCOLNSHIRE INTEGRATED CARE BOARD
192,RY6,LEEDS COMMUNITY HEALTHCARE NHS TRUST,Y63,QWO,53.8162127,-1.5669367,22/23 Standards Met,27/06/2023,NHS Trust,NHS WEST YORKSHIRE INTEGRATED CARE BOARD
193,RY7,WIRRAL COMMUNITY HEALTH AND CARE NHS FOUNDATION TRUST,Y62,QYG,53.38003,-3.02653,22/23 Standards Met,29/06/2023,NHS Trust,NHS CHESHIRE AND MERSEYSIDE INTEGRATED CARE BOARD
194,RY8,DERBYSHIRE COMMUNITY HEALTH SERVICES NHS FOUNDATION TRUST,Y60,QJ2,53.2396699,-1.4794799,22/23 Standards Met,27/06/2023,NHS Trust,NHS DERBY AND DERBYSHIRE INTEGRATED CARE BOARD
195,RY9,HOUNSLOW AND RICHMOND COMMUNITY HEALTHCARE NHS TRUST,Y56,QWE,51.4274499,-0.326474938,22/23 Standards Met,22/06/2023,NHS Trust,NHS SOUTH WEST LONDON INTEGRATED CARE BOARD
196,RYA,WEST MIDLANDS AMBULANCE SERVICE UNIVERSITY NHS FOUNDATION TRUST,Y60,QUA,52.48565,-2.11905,22/23 Standards Met,30/06/2023,NHS Trust,NHS BLACK COUNTRY INTEGRATED CARE BOARD
197,RYC,EAST OF ENGLAND AMBULANCE SERVICE NHS TRUST,Y61,QUE,52.0766227,0.0141455,22/23 Standards Met,23/06/2023,NHS Trust,NHS CAMBRIDGESHIRE AND PETERBOROUGH INTEGRATED CARE BOARD
198,RYD,SOUTH EAST COAST AMBULANCE SERVICE NHS FOUNDATION TRUST,Y59,QNX,51.1326943,-0.16870015,22/23 Approaching Standards,02/08/2023,NHS Trust,NHS SUSSEX INTEGRATED CARE BOARD
199,RYE,SOUTH CENTRAL AMBULANCE SERVICE NHS FOUNDATION TRUST,Y59,QU9,51.89152508,-1.14980004,22/23 Approaching Standards,30/06/2023,NHS Trust,"NHS BUCKINGHAMSHIRE, OXFORDSHIRE AND BERKSHIRE WEST INTEGRATED CARE BOARD"
200,RYF,SOUTH WESTERN AMBULANCE SERVICE NHS FOUNDATION TRUST,Y58,QJK,50.7203945,-3.464713725,22/23 Standards Met,30/06/2023,NHS Trust,NHS DEVON INTEGRATED CARE BOARD
201,RYG,COVENTRY AND WARWICKSHIRE PARTNERSHIP NHS TRUST,Y60,QWU,52.45659,-1.48692,22/23 Approaching Standards,29/06/2023,NHS Trust,NHS COVENTRY AND WARWICKSHIRE INTEGRATED CARE BOARD
202,RYJ,IMPERIAL COLLEGE HEALTHCARE NHS TRUST,Y56,QRV,51.5174679,-0.1753826,22/23 Standards Met,20/06/2023,NHS Trust,NHS NORTH WEST LONDON INTEGRATED CARE BOARD
203,RYK,DUDLEY INTEGRATED HEALTH AND CARE NHS TRUST,Y60,QUA,52.48176,-2.11786,22/23 Approaching Standards,30/06/2023,NHS Trust,NHS BLACK COUNTRY INTEGRATED CARE BOARD
204,RYR,UNIVERSITY HOSPITALS SUSSEX NHS FOUNDATION TRUST,Y59,QNX,50.8165963,-0.36371065,22/23 Approaching Standards,21/07/2023,NHS Trust,NHS SUSSEX INTEGRATED CARE BOARD
205,RYV,CAMBRIDGESHIRE COMMUNITY SERVICES NHS TRUST,Y61,QUE,52.3210626,-0.063814567,22/23 Standards Met,30/06/2023,NHS Trust,NHS CAMBRIDGESHIRE AND PETERBOROUGH INTEGRATED CARE BOARD
206,RYW,BIRMINGHAM COMMUNITY HEALTHCARE NHS FOUNDATION TRUST,Y60,QHL,52.4875426,-1.88628205,22/23 Approaching Standards,27/06/2023,NHS Trust,NHS BIRMINGHAM AND SOLIHULL INTEGRATED CARE BOARD
207,RYX,CENTRAL LONDON COMMUNITY HEALTHCARE NHS TRUST,Y56,QRV,51.52284,-0.15154,22/23 Standards Met,28/06/2023,NHS Trust,NHS NORTH WEST LONDON INTEGRATED CARE BOARD
208,RYY,KENT COMMUNITY HEALTH NHS FOUNDATION TRUST,Y59,QKS,51.17165272,0.87097458,22/23 Standards Met,27/06/2023,NHS Trust,NHS KENT AND MEDWAY INTEGRATED CARE BOARD
209,TAD,BRADFORD DISTRICT CARE NHS FOUNDATION TRUST,Y63,QWO,53.83967,-1.78861,22/23 Standards Met,29/06/2023,NHS Trust,NHS WEST YORKSHIRE INTEGRATED CARE BOARD
210,TAF,CAMDEN AND ISLINGTON NHS FOUNDATION TRUST,Y56,QMJ,51.5358656,-0.13167885,22/23 Approaching Standards,29/06/2023,NHS Trust,NHS NORTH CENTRAL LONDON INTEGRATED CARE BOARD
211,TAH,SHEFFIELD HEALTH & SOCIAL CARE NHS FOUNDATION TRUST,Y63,QF7,53.399947,-1.4409362,22/23 Approaching Standards,30/06/2023,NHS Trust,NHS SOUTH YORKSHIRE INTEGRATED CARE BOARD
212,TAJ,BLACK COUNTRY HEALTHCARE NHS FOUNDATION TRUST,Y60,QUA,52.50842,-2.0844999,22/23 Approaching Standards,30/06/2023,NHS Trust,NHS BLACK COUNTRY INTEGRATED CARE BOARD