"","Code","Name","Sector","Start","Close","Successor.Code","Organisation.Name","Latest.Status","Date.Of.Publication","Primary.Sector","Commissioner..From.ODS.","Successor.Status","Final.Status"
"1","11X","NHS Somerset CCG","CCG",NA,NA,NA,"NHS Somerset CCG","20/21 Standards Exceeded","29/06/2021","CCG","",NA,"20/21 Standards Exceeded"
"2","07L","NHS Barking and Dagenham CCG","CCG",NA,NA,"A3A8R","NHS Barking and Dagenham CCG","19/20 Standards Exceeded","31/03/2020","CCG","","20/21 Approaching Standards","20/21 Approaching Standards"
"3","05Q","NHS South East Staffordshire and Seisdon Peninsula CCG","CCG",NA,NA,NA,"NHS South East Staffordshire and Seisdon Peninsula CCG","20/21 Standards Met","08/06/2021","CCG","",NA,"20/21 Standards Met"
"4","10V","NHS South Eastern Hampshire CCG","CCG",NA,NA,"D9Y0V","NHS South Eastern Hampshire CCG","20/21 Standards Exceeded","30/03/2021","CCG","","Not Published","20/21 Standards Exceeded"
"5","02P","NHS Barnsley CCG","CCG",NA,NA,NA,"NHS Barnsley CCG","20/21 Standards Met","30/06/2021","CCG","",NA,"20/21 Standards Met"
"6","99E","NHS Basildon and Brentwood CCG","CCG",NA,NA,NA,"NHS Basildon and Brentwood CCG","20/21 Standards Met","30/06/2021","CCG","",NA,"20/21 Standards Met"
"7","01T","NHS South Sefton CCG","CCG",NA,NA,NA,"NHS South Sefton CCG","20/21 Approaching Standards","26/08/2021","CCG","",NA,"20/21 Approaching Standards"
"8","00N","NHS South Tyneside CCG","CCG",NA,NA,NA,"NHS South Tyneside CCG","20/21 Standards Met","30/06/2021","CCG","",NA,"20/21 Standards Met"
"9","02Q","NHS Bassetlaw CCG","CCG",NA,NA,NA,"NHS Bassetlaw CCG","20/21 Standards Met","30/06/2021","CCG","",NA,"20/21 Standards Met"
"10","06F","NHS Bedfordshire CCG","CCG",NA,NA,"M1J4Y",NA,NA,NA,NA,NA,"Not Published","Not Published"
"11","05R","NHS South Warwickshire CCG","CCG",NA,NA,"B2M3M","NHS South Warwickshire CCG","20/21 Standards Met","26/03/2021","CCG","","Not Published","20/21 Standards Met"
"12","10X","NHS Southampton CCG","CCG",NA,NA,"D9Y0V","NHS Southampton CCG","20/21 Standards Exceeded","03/08/2021","CCG","","Not Published","20/21 Standards Exceeded"
"13","00Q","NHS Blackburn with Darwen CCG","CCG",NA,NA,NA,"NHS Blackburn with Darwen CCG","20/21 Standards Met","30/06/2021","CCG","",NA,"20/21 Standards Met"
"14","00R","NHS Blackpool CCG","CCG",NA,NA,NA,"NHS Blackpool CCG","20/21 Standards Met","29/06/2021","CCG","",NA,"20/21 Standards Met"
"15","99G","NHS Southend CCG","CCG",NA,NA,NA,"NHS Southend CCG","20/21 Standards Met","30/06/2021","CCG","",NA,"20/21 Standards Met"
"16","01V","NHS Southport and Formby CCG","CCG",NA,NA,NA,"NHS Southport and Formby CCG","20/21 Approaching Standards","26/08/2021","CCG","",NA,"20/21 Approaching Standards"
"17","00T","NHS Bolton CCG","CCG",NA,NA,NA,"NHS Bolton CCG","20/21 Standards Met","28/07/2021","CCG","",NA,"20/21 Standards Met"
"18","07P","NHS Brent CCG","CCG",NA,NA,"W2U3Z","NHS Brent CCG","19/20 Approaching Standards","14/10/2020","CCG","","20/21 Standards Met","20/21 Standards Met"
"19","01X","NHS St Helens CCG","CCG",NA,NA,NA,"NHS St Helen's CCG","20/21 Standards Met","30/06/2021","CCG","",NA,"20/21 Standards Met"
"20","05V","NHS Stafford and Surrounds CCG","CCG",NA,NA,NA,"NHS Stafford and Surrounds CCG","20/21 Standards Met","08/06/2021","CCG","",NA,"20/21 Standards Met"
"21","09D","NHS Brighton and Hove CCG","CCG",NA,NA,NA,"NHS Brighton and Hove CCG","20/21 Standards Met","28/07/2021","CCG","",NA,"20/21 Standards Met"
"22","00V","NHS Bury CCG","CCG",NA,NA,NA,"NHS Bury CCG","20/21 Standards Exceeded","30/06/2021","CCG","",NA,"20/21 Standards Exceeded"
"23","01W","NHS Stockport CCG","CCG",NA,NA,NA,"NHS Stockport CCG","20/21 Standards Exceeded","30/06/2021","CCG","",NA,"20/21 Standards Exceeded"
"24","05W","NHS Stoke on Trent CCG","CCG",NA,NA,NA,"NHS Stoke on Trent CCG","20/21 Standards Met","08/06/2021","CCG","",NA,"20/21 Standards Met"
"25","02T","NHS Calderdale CCG","CCG",NA,NA,NA,"NHS Calderdale CCG","20/21 Standards Met","17/06/2021","CCG","",NA,"20/21 Standards Met"
"26","06H","NHS Cambridgeshire and Peterborough CCG","CCG",NA,NA,NA,"NHS Cambridgeshire and Peterborough CCG","20/21 Standards Met","24/06/2021","CCG","",NA,"20/21 Standards Met"
"27","00P","NHS Sunderland CCG","CCG",NA,NA,NA,"NHS Sunderland CCG","20/21 Standards Met","29/06/2021","CCG","",NA,"20/21 Standards Met"
"28","10C","NHS Surrey Heath CCG","CCG",NA,NA,"D4U1Y","NHS Surrey Heath CCG","20/21 Standards Exceeded","28/07/2021","CCG","","Not Published","20/21 Standards Exceeded"
"29","04Y","NHS Cannock Chase CCG","CCG",NA,NA,NA,"NHS Cannock Chase CCG","20/21 Standards Met","08/06/2021","CCG","",NA,"20/21 Standards Met"
"30","99F","NHS Castle Point and Rochford CCG","CCG",NA,NA,NA,"NHS Castle Point and Rochford CCG","20/21 Standards Met","30/06/2021","CCG","",NA,"20/21 Standards Met"
"31","01Y","NHS Tameside and Glossop CCG","CCG",NA,NA,NA,"NHS Tameside and Glossop CCG","20/21 Standards Met","30/06/2021","CCG","",NA,"20/21 Standards Met"
"32","09A","NHS Central London (Westminster) CCG","CCG",NA,NA,"W2U3Z","NHS Central London (Westminster) CCG","19/20 Approaching Standards","14/10/2020","CCG","","20/21 Standards Met","20/21 Standards Met"
"33","00X","NHS Chorley and South Ribble CCG","CCG",NA,NA,NA,"NHS Chorley and South Ribble CCG","20/21 Standards Met","24/06/2021","CCG","",NA,"20/21 Standards Met"
"34","05X","NHS Telford and Wrekin CCG","CCG",NA,NA,"M2L0M","NHS Telford and Wrekin CCG","19/20 Standards Met","31/03/2020","CCG","","20/21 Standards Met","20/21 Standards Met"
"35","07G","NHS Thurrock CCG","CCG",NA,NA,NA,"NHS Thurrock CCG","20/21 Standards Met","30/06/2021","CCG","",NA,"20/21 Standards Met"
"36","07T","NHS City and Hackney CCG","CCG",NA,NA,"A3A8R",NA,NA,NA,NA,NA,"20/21 Approaching Standards","20/21 Approaching Standards"
"37","05A","NHS Coventry and Rugby CCG","CCG",NA,NA,"B2M3M","NHS Coventry and Rugby CCG","20/21 Standards Met","26/03/2021","CCG","","Not Published","20/21 Standards Met"
"38","08V","NHS Tower Hamlets CCG","CCG",NA,NA,"A3A8R","NHS Tower Hamlets CCG","19/20 Standards Met","30/09/2020","CCG","","20/21 Approaching Standards","20/21 Approaching Standards"
"39","02A","NHS Trafford CCG","CCG",NA,NA,NA,"NHS Trafford CCG","20/21 Approaching Standards","30/06/2021","CCG","",NA,"20/21 Approaching Standards"
"40","02X","NHS Doncaster CCG","CCG",NA,NA,NA,"NHS Doncaster CCG","20/21 Standards Exceeded","24/06/2021","CCG","",NA,"20/21 Standards Exceeded"
"41","11J","NHS Dorset CCG","CCG",NA,NA,NA,"NHS Dorset CCG","20/21 Standards Met","22/06/2021","CCG","",NA,"20/21 Standards Met"
"42","03Q","NHS Vale of York CCG","CCG",NA,NA,NA,"NHS Vale of York CCG","20/21 Standards Met","30/06/2021","CCG","",NA,"20/21 Standards Met"
"43","03R","NHS Wakefield CCG","CCG",NA,NA,NA,"NHS Wakefield CCG","20/21 Standards Met","16/06/2021","CCG","",NA,"20/21 Standards Met"
"44","05C","NHS Dudley CCG","CCG",NA,NA,"D2P2L","NHS Dudley CCG","19/20 Standards Met","31/03/2020","CCG","","20/21 Standards Met","20/21 Standards Met"
"45","07W","NHS Ealing CCG","CCG",NA,NA,"W2U3Z","NHS Ealing CCG","20/21 Standards Met","06/03/2021","CCG","","20/21 Standards Met","20/21 Standards Met"
"46","05Y","NHS Walsall CCG","CCG",NA,NA,"D2P2L","NHS Walsall CCG","19/20 Standards Met","01/04/2020","CCG","","20/21 Standards Met","20/21 Standards Met"
"47","08W","NHS Waltham Forest CCG","CCG",NA,NA,"A3A8R","NHS Waltham Forest CCG","19/20 Standards Met","29/09/2020","CCG","","20/21 Approaching Standards","20/21 Approaching Standards"
"48","06K","NHS East and North Hertfordshire CCG","CCG",NA,NA,NA,"NHS East and North Hertfordshire CCG","20/21 Standards Met","17/06/2021","CCG","",NA,"20/21 Standards Met"
"49","01A","NHS East Lancashire CCG","CCG",NA,NA,NA,"NHS East Lancashire CCG","20/21 Standards Met","30/06/2021","CCG","",NA,"20/21 Standards Met"
"50","02E","NHS Warrington CCG","CCG",NA,NA,NA,"NHS Warrington CCG","20/21 Standards Met","30/06/2021","CCG","",NA,"20/21 Standards Met"
"51","05H","NHS Warwickshire North CCG","CCG",NA,NA,"B2M3M","NHS Warwickshire North CCG","20/21 Standards Met","26/03/2021","CCG","","Not Published","20/21 Standards Met"
"52","03W","NHS East Leicestershire and Rutland CCG","CCG",NA,NA,NA,"NHS East Leicestershire and Rutland CCG","20/21 Standards Met","04/05/2021","CCG","",NA,"20/21 Standards Met"
"53","02Y","NHS East Riding of Yorkshire CCG","CCG",NA,NA,NA,"NHS East Riding of Yorkshire CCG","20/21 Standards Met","28/05/2021","CCG","",NA,"20/21 Standards Met"
"54","07H","NHS West Essex CCG","CCG",NA,NA,NA,"NHS West Essex CCG","20/21 Standards Met","30/06/2021","CCG","",NA,"20/21 Standards Met"
"55","11A","NHS West Hampshire CCG","CCG",NA,NA,"D9Y0V","NHS West Hampshire CCG","20/21 Standards Exceeded","30/03/2021","CCG","","Not Published","20/21 Standards Exceeded"
"56","05D","NHS East Staffordshire CCG","CCG",NA,NA,NA,"NHS East Staffordshire CCG","20/21 Standards Met","08/06/2021","CCG","",NA,"20/21 Standards Met"
"57","10K","NHS Fareham and Gosport CCG","CCG",NA,NA,"D9Y0V","NHS Fareham and Gosport CCG","20/21 Standards Exceeded","30/03/2021","CCG","","Not Published","20/21 Standards Exceeded"
"58","02G","NHS West Lancashire CCG","CCG",NA,NA,NA,"NHS West Lancashire CCG","20/21 Standards Met","29/06/2021","CCG","",NA,"20/21 Standards Met"
"59","04V","NHS West Leicestershire CCG","CCG",NA,NA,NA,"NHS West Leicestershire CCG","20/21 Standards Met","04/05/2021","CCG","",NA,"20/21 Standards Met"
"60","11M","NHS Gloucestershire CCG","CCG",NA,NA,NA,"NHS Gloucestershire CCG","20/21 Standards Met","30/06/2021","CCG","",NA,"20/21 Standards Met"
"61","03A","NHS Greater Huddersfield CCG","CCG",NA,NA,"X2C4Y","NHS Greater Huddersfield CCG","20/21 Standards Met","30/07/2021","CCG","","Not Published","20/21 Standards Met"
"62","08Y","NHS West London CCG","CCG",NA,NA,"W2U3Z","NHS West London CCG","20/21 Standards Met","06/03/2021","CCG","","20/21 Standards Met","20/21 Standards Met"
"63","07K","NHS West Suffolk CCG","CCG",NA,NA,NA,"NHS West Suffolk CCG","20/21 Standards Met","05/08/2021","CCG","",NA,"20/21 Standards Met"
"64","01F","NHS Halton CCG","CCG",NA,NA,NA,"NHS Halton CCG","20/21 Standards Met","30/06/2021","CCG","",NA,"20/21 Standards Met"
"65","08C","NHS Hammersmith and Fulham CCG","CCG",NA,NA,"W2U3Z","NHS Hammersmith and Fulham CCG","20/21 Standards Met","06/03/2021","CCG","","20/21 Standards Met","20/21 Standards Met"
"66","02H","NHS Wigan Borough CCG","CCG",NA,NA,NA,"NHS Wigan Borough CCG","20/21 Standards Met","25/06/2021","CCG","",NA,"20/21 Standards Met"
"67","12F","NHS Wirral CCG","CCG",NA,NA,NA,"NHS Wirral CCG","20/21 Standards Met","30/06/2021","CCG","",NA,"20/21 Standards Met"
"68","08E","NHS Harrow CCG","CCG",NA,NA,"W2U3Z","NHS Harrow CCG","20/21 Standards Met","06/03/2021","CCG","","20/21 Standards Met","20/21 Standards Met"
"69","08F","NHS Havering CCG","CCG",NA,NA,"A3A8R","NHS Havering CCG","19/20 Standards Exceeded","31/03/2020","CCG","","20/21 Approaching Standards","20/21 Approaching Standards"
"70","06A","NHS Wolverhampton CCG","CCG",NA,NA,"D2P2L","NHS Wolverhampton CCG","19/20 Approaching Standards","01/04/2020","CCG","","20/21 Standards Met","20/21 Standards Met"
"71","13T","NHS Newcastle Gateshead CCG","CCG",NA,NA,NA,"NHS Newcastle Gateshead CCG","20/21 Standards Met","29/06/2021","CCG","",NA,"20/21 Standards Met"
"72","06N","NHS Herts Valleys CCG","CCG",NA,NA,NA,"NHS Herts Valleys CCG","20/21 Standards Met","01/06/2021","CCG","",NA,"20/21 Standards Met"
"73","01D","NHS Heywood, Middleton and Rochdale CCG","CCG",NA,NA,NA,"NHS Heywood, Middleton and Rochdale CCG","20/21 Standards Exceeded","29/06/2021","CCG","",NA,"20/21 Standards Exceeded"
"74","01H","NHS North Cumbria CCG","CCG",NA,NA,NA,"NHS Cumbria CCG","20/21 Approaching Standards","29/06/2021","CCG","",NA,"20/21 Approaching Standards"
"75","14L","NHS Manchester CCG","CCG",NA,NA,NA,"NHS Manchester CCG","20/21 Standards Exceeded","30/06/2021","CCG","",NA,"20/21 Standards Exceeded"
"76","08G","NHS Hillingdon CCG","CCG",NA,NA,"W2U3Z","NHS Hillingdon CCG","20/21 Standards Met","06/03/2021","CCG","","20/21 Standards Met","20/21 Standards Met"
"77","07Y","NHS Hounslow CCG","CCG",NA,NA,"W2U3Z","NHS Hounslow CCG","20/21 Standards Met","06/03/2021","CCG","","20/21 Standards Met","20/21 Standards Met"
"78","15E","NHS Birmingham and Solihull CCG","CCG",NA,NA,NA,"NHS Birmingham and Solihull CCG","20/21 Standards Met","29/06/2021","CCG","",NA,"20/21 Standards Met"
"79","15A","NHS Berkshire West CCG","CCG",NA,NA,NA,"NHS Berkshire West CCG","20/21 Standards Exceeded","24/06/2021","CCG","",NA,"20/21 Standards Exceeded"
"80","03F","NHS Hull CCG","CCG",NA,NA,NA,"NHS Hull CCG","20/21 Standards Met","28/05/2021","CCG","",NA,"20/21 Standards Met"
"81","15C","NHS Bristol, North Somerset and South Gloucestershire CCG","CCG",NA,NA,NA,"NHS Bristol, North Somerset and South Gloucestershire CCG","20/21 Standards Met","28/07/2021","CCG","",NA,"20/21 Standards Met"
"82","06L","NHS Ipswich and East Suffolk CCG","CCG",NA,NA,NA,"NHS Ipswich and East Suffolk CCG","20/21 Standards Met","05/08/2021","CCG","",NA,"20/21 Standards Met"
"83","14Y","NHS Buckinghamshire CCG","CCG",NA,NA,NA,"NHS Buckinghamshire CCG","20/21 Standards Exceeded","03/08/2021","CCG","",NA,"20/21 Standards Exceeded"
"84","10L","NHS Isle of Wight CCG","CCG",NA,NA,"D9Y0V","NHS Isle of Wight CCG","20/21 Standards Met","30/07/2021","CCG","","Not Published","20/21 Standards Met"
"85","15D","NHS East Berkshire CCG","CCG",NA,NA,"D4U1Y","NHS East Berkshire CCG","20/21 Standards Exceeded","28/07/2021","CCG","","Not Published","20/21 Standards Exceeded"
"86","11N","NHS Kernow CCG","CCG",NA,NA,NA,"NHS Kernow CCG","20/21 Standards Met","11/08/2021","CCG","",NA,"20/21 Standards Met"
"87","15F","NHS Leeds CCG","CCG",NA,NA,NA,"NHS LEEDS CCG","20/21 Standards Met","27/07/2021","CCG","",NA,"20/21 Standards Met"
"88","01J","NHS Knowsley CCG","CCG",NA,NA,NA,"NHS Knowsley CCG","20/21 Standards Met","03/08/2021","CCG","",NA,"20/21 Standards Met"
"89","02M","NHS Fylde and Wyre CCG","CCG",NA,NA,NA,"NHS Fylde and Wyre CCG","20/21 Standards Met","29/06/2021","CCG","",NA,"20/21 Standards Met"
"90","04C","NHS Leicester City CCG","CCG",NA,NA,NA,"NHS Leicester City CCG","20/21 Standards Met","04/05/2021","CCG","",NA,"20/21 Standards Met"
"91","01E","NHS Greater Preston CCG","CCG",NA,NA,NA,"NHS Greater Preston CCG","20/21 Standards Met","24/06/2021","CCG","",NA,"20/21 Standards Met"
"92","99A","NHS Liverpool CCG","CCG",NA,NA,NA,"NHS Liverpool CCG","20/21 Standards Met","30/06/2021","CCG","",NA,"20/21 Standards Met"
"93","01K","NHS Morecambe Bay CCG","CCG",NA,NA,NA,"NHS Morecambe Bay CCG","20/21 Standards Met","29/06/2021","CCG","",NA,"20/21 Standards Met"
"94","06P","NHS Luton CCG","CCG",NA,NA,"M1J4Y",NA,NA,NA,NA,NA,"Not Published","Not Published"
"95","15M","NHS Derby and Derbyshire CCG","CCG",NA,NA,NA,"NHS DERBY AND DERBYSHIRE CLINICAL COMMISSIONING GROUP","20/21 Standards Met","28/07/2021","CCG","",NA,"20/21 Standards Met"
"96","06Q","NHS Mid Essex CCG","CCG",NA,NA,NA,"NHS Mid Essex CCG","20/21 Standards Met","30/06/2021","CCG","",NA,"20/21 Standards Met"
"97","15N","NHS Devon CCG","CCG",NA,NA,NA,"NHS Devon CCG","20/21 Standards Met","29/06/2021","CCG","",NA,"20/21 Standards Met"
"98","04F","NHS Milton Keynes CCG","CCG",NA,NA,"M1J4Y",NA,NA,NA,NA,NA,"Not Published","Not Published"
"99","92G","NHS Bath and North East Somerset, Swindon and Wiltshire CCG","CCG",NA,NA,NA,"NHS BATH AND NORTH EAST SOMERSET, SWINDON AND WILTSHIRE CCG","20/21 Standards Met","24/03/2021","CCG","",NA,"20/21 Standards Met"
"100","08M","NHS Newham CCG","CCG",NA,NA,"A3A8R","NHS Newham CCG","19/20 Standards Met","29/09/2020","CCG","","20/21 Approaching Standards","20/21 Approaching Standards"
"101","36J","NHS Bradford District and Craven CCG","CCG",NA,NA,NA,"NHS Bradford District and Craven CCG","20/21 Approaching Standards","30/06/2021","CCG","",NA,"20/21 Approaching Standards"
"102","06T","NHS North East Essex CCG","CCG",NA,NA,NA,"NHS North East Essex CCG","20/21 Standards Met","05/08/2021","CCG","",NA,"20/21 Standards Met"
"103","27D","NHS Cheshire CCG","CCG",NA,NA,NA,"NHS Cheshire CCG","20/21 Standards Met","28/07/2021","CCG","",NA,"20/21 Standards Met"
"104","99M","NHS North East Hampshire and Farnham CCG","CCG",NA,NA,"D4U1Y","NHS North East Hampshire and Farnham CCG","20/21 Standards Exceeded","28/07/2021","CCG","","Not Published","20/21 Standards Exceeded"
"105","84H","NHS County Durham CCG","CCG",NA,NA,NA,"NHS COUNTY DURHAM CCG","20/21 Standards Met","30/06/2021","CCG","",NA,"20/21 Standards Met"
"106","03H","NHS North East Lincolnshire CCG","CCG",NA,NA,NA,"NHS North East Lincolnshire CCG","20/21 Standards Met","12/05/2021","CCG","",NA,"20/21 Standards Met"
"107","97R","NHS East Sussex CCG","CCG",NA,NA,NA,"NHS East Sussex CCG","20/21 Standards Met","28/07/2021","CCG","",NA,"20/21 Standards Met"
"108","10J","NHS North Hampshire CCG","CCG",NA,NA,"D9Y0V","NHS North Hampshire CCG","20/21 Standards Exceeded","30/03/2021","CCG","","Not Published","20/21 Standards Exceeded"
"109","18C","NHS Herefordshire and Worcestershire CCG","CCG",NA,NA,NA,"NHS Herefordshire and Worcestershire CCG","20/21 Standards Met","30/06/2021","CCG","",NA,"20/21 Standards Met"
"110","03J","NHS North Kirklees CCG","CCG",NA,NA,"X2C4Y","NHS North Kirklees CCG","20/21 Standards Met","30/07/2021","CCG","","Not Published","20/21 Standards Met"
"111","91Q","NHS Kent and Medway CCG","CCG",NA,NA,NA,"NHS KENT AND MEDWAY CCG","20/21 Standards Met","31/03/2021","CCG","",NA,"20/21 Standards Met"
"112","03K","NHS North Lincolnshire CCG","CCG",NA,NA,NA,"NHS North Lincolnshire CCG","20/21 Standards Met","28/07/2021","CCG","",NA,"20/21 Standards Met"
"113","71E","NHS Lincolnshire CCG","CCG",NA,NA,NA,"NHS LINCOLNSHIRE CCG","20/21 Standards Met","30/04/2021","CCG","",NA,"20/21 Standards Met"
"114","05G","NHS North Staffordshire CCG","CCG",NA,NA,NA,"NHS North Staffordshire CCG","20/21 Standards Met","08/06/2021","CCG","",NA,"20/21 Standards Met"
"115","26A","NHS Norfolk and Waveney CCG","CCG",NA,NA,NA,"NHS NORFOLK & WAVENEY CCG","20/21 Standards Met","10/05/2021","CCG","",NA,"20/21 Standards Met"
"116","99C","NHS North Tyneside CCG","CCG",NA,NA,NA,"NHS North Tyneside CCG","20/21 Standards Met","30/06/2021","CCG","",NA,"20/21 Standards Met"
"117","93C","NHS North Central London CCG","CCG",NA,NA,NA,"North Central London CCG","20/21 Standards Exceeded","29/06/2021","CCG","",NA,"20/21 Standards Exceeded"
"118","00L","NHS Northumberland CCG","CCG",NA,NA,NA,"NHS Northumberland CCG","20/21 Standards Met","30/06/2021","CCG","",NA,"20/21 Standards Met"
"119","42D","NHS North Yorkshire CCG","CCG",NA,NA,NA,"NHS NORTH YORKSHIRE CCG","20/21 Standards Met","30/06/2021","CCG","",NA,"20/21 Standards Met"
"120","00Y","NHS Oldham CCG","CCG",NA,NA,NA,"NHS Oldham CCG","20/21 Standards Exceeded","29/06/2021","CCG","",NA,"20/21 Standards Exceeded"
"121","78H","NHS Northamptonshire CCG","CCG",NA,NA,NA,"NHS NORTHAMPTONSHIRE CCG","20/21 Standards Exceeded","30/06/2021","CCG","",NA,"20/21 Standards Exceeded"
"122","10Q","NHS Oxfordshire CCG","CCG",NA,NA,NA,"NHS Oxfordshire CCG","20/21 Standards Exceeded","03/08/2021","CCG","",NA,"20/21 Standards Exceeded"
"123","52R","NHS Nottingham and Nottinghamshire CCG","CCG",NA,NA,NA,"NHS NOTTINGHAM AND NOTTINGHAMSHIRE CCG","20/21 Standards Met","28/06/2021","CCG","",NA,"20/21 Standards Met"
"124","10R","NHS Portsmouth CCG","CCG",NA,NA,NA,"NHS Portsmouth CCG","20/21 Standards Exceeded","31/03/2021","CCG","",NA,"20/21 Standards Exceeded"
"125","72Q","NHS South East London CCG","CCG",NA,NA,NA,"NHS SOUTH EAST LONDON CCG","20/21 Standards Met","25/06/2021","CCG","",NA,"20/21 Standards Met"
"126","08N","NHS Redbridge CCG","CCG",NA,NA,"A3A8R","NHS Redbridge CCG","19/20 Standards Exceeded","31/03/2020","CCG","","20/21 Approaching Standards","20/21 Approaching Standards"
"127","36L","NHS South West London CCG","CCG",NA,NA,NA,"South West London CCG","20/21 Standards Met","08/04/2021","CCG","",NA,"20/21 Standards Met"
"128","03L","NHS Rotherham CCG","CCG",NA,NA,NA,"NHS Rotherham CCG","20/21 Standards Met","02/08/2021","CCG","",NA,"20/21 Standards Met"
"129","92A","NHS Surrey Heartlands CCG","CCG",NA,NA,NA,"NHS Surrey Heartlands CCG","20/21 Standards Exceeded","28/07/2021","CCG","",NA,"20/21 Standards Exceeded"
"130","01G","NHS Salford CCG","CCG",NA,NA,NA,"NHS Salford CCG","20/21 Standards Exceeded","17/06/2021","CCG","",NA,"20/21 Standards Exceeded"
"131","16C","NHS Tees Valley CCG","CCG",NA,NA,NA,"NHS TEES VALLEY CCG","20/21 Standards Met","29/06/2021","CCG","",NA,"20/21 Standards Met"
"132","05L","NHS Sandwell and West Birmingham CCG","CCG",NA,NA,"D2P2L","NHS Sandwell and West Birmingham CCG","19/20 Standards Met","02/11/2020","CCG","","20/21 Standards Met","20/21 Standards Met"
"133","70F","NHS West Sussex CCG","CCG",NA,NA,NA,"NHS West Sussex CCG","20/21 Standards Met","28/07/2021","CCG","",NA,"20/21 Standards Met"
"134","03N","NHS Sheffield CCG","CCG",NA,NA,NA,"NHS Sheffield CCG","20/21 Standards Met","30/06/2021","CCG","",NA,"20/21 Standards Met"
"135","05N","NHS Shropshire CCG","CCG",NA,NA,"M2L0M","NHS Shropshire CCG","19/20 Standards Met","31/03/2020","CCG","","20/21 Standards Met","20/21 Standards Met"
"136","0AR","NHS North of England Commissioning Support Unit","CSU",NA,NA,NA,"NHS NORTH OF ENGLAND CSU","20/21 Standards Exceeded","28/06/2021","CSU","",NA,"20/21 Standards Exceeded"
"137","0CX","NHS Midlands and Lancashire Commissioning Support Unit","CSU",NA,NA,NA,"Midlands and Lancashire CSU","20/21 Standards Met","28/07/2021","CSU","",NA,"20/21 Standards Met"
"138","0DE","NHS Arden and Greater East Midlands Commissioning Support Unit","CSU",NA,NA,NA,"NHS ARDEN AND GREATER EAST MIDLANDS CSU","20/21 Standards Met","31/03/2021","CSU","",NA,"20/21 Standards Met"
"139","0DF","NHS South Central and West Commissioning Support Unit","CSU",NA,NA,NA,"NHS South, Central and West CSU","20/21 Standards Exceeded","29/07/2021","CSU","",NA,"20/21 Standards Exceeded"
"140","0DJ","NHS North and East London Commissioning Support Unit","CSU",NA,NA,NA,"NHS NEL CSU","20/21 Standards Exceeded","04/08/2021","CSU","",NA,"20/21 Standards Exceeded"
"141","R0A","MANCHESTER UNIVERSITY NHS FOUNDATION TRUST","Trust",2017-10-01,NA,NA,"MANCHESTER UNIVERSITY NHS FOUNDATION TRUST","20/21 Standards Met","30/06/2021","Acute","",NA,"20/21 Standards Met"
"142","R0B","SOUTH TYNESIDE AND SUNDERLAND NHS FOUNDATION TRUST","Trust",2019-04-01,NA,NA,"SOUTH TYNESIDE AND SUNDERLAND NHS FOUNDATION TRUST (R0B)","20/21 Standards Met","29/06/2021","Acute","",NA,"20/21 Standards Met"
"143","R0D","UNIVERSITY HOSPITALS DORSET NHS FOUNDATION TRUST","Trust",2020-10-01,NA,NA,"UNIVERSITY HOSPITALS DORSET NHS FOUNDATION TRUST","20/21 Approaching Standards","24/08/2021","Acute","",NA,"20/21 Approaching Standards"
"144","R1A","HEREFORDSHIRE AND WORCESTERSHIRE HEALTH AND CARE NHS TRUST","Trust",2011-07-01,NA,NA,"Worcestershire Health and Care NHS Trust","20/21 Approaching Standards","30/06/2021","Community Services Provider","",NA,"20/21 Approaching Standards"
"145","R1C","SOLENT NHS TRUST","Trust",2011-04-01,NA,NA,"Solent NHS Trust","20/21 Standards Not Met","30/06/2021","Mental Health Trust","",NA,"20/21 Standards Not Met"
"146","R1D","SHROPSHIRE COMMUNITY HEALTH NHS TRUST","Trust",2011-07-01,NA,NA,"Shropshire Community Health NHS Trust","20/21 Standards Met","21/06/2021","Community Services Provider","",NA,"20/21 Standards Met"
"147","R1F","ISLE OF WIGHT NHS TRUST","Trust",2012-04-01,NA,NA,"ISLE OF WIGHT NHS TRUST","20/21 Standards Met","29/06/2021","Acute","",NA,"20/21 Standards Met"
"148","R1H","BARTS HEALTH NHS TRUST","Trust",2012-04-01,NA,NA,"Barts Health NHS Trust","20/21 Approaching Standards","30/06/2021","Acute","",NA,"20/21 Approaching Standards"
"149","R1K","LONDON NORTH WEST UNIVERSITY HEALTHCARE NHS TRUST","Trust",2014-10-01,NA,NA,"LONDON NORTH WEST HEALTHCARE NHS TRUST","20/21 Standards Met","28/07/2021","Acute","",NA,"20/21 Standards Met"
"150","R1L","ESSEX PARTNERSHIP UNIVERSITY NHS FOUNDATION TRUST","Trust",2017-04-01,NA,NA,"ESSEX PARTNERSHIP UNIVERSITY NHS FOUNDATION TRUST","20/21 Standards Exceeded","29/06/2021","Mental Health Trust","",NA,"20/21 Standards Exceeded"
"151","RA2","ROYAL SURREY COUNTY HOSPITAL NHS FOUNDATION TRUST","Trust",1991-04-01,NA,NA,"ROYAL SURREY COUNTY HOSPITAL NHS FOUNDATION TRUST","20/21 Approaching Standards","09/07/2021","Acute","",NA,"20/21 Approaching Standards"
"152","RA4","YEOVIL DISTRICT HOSPITAL NHS FOUNDATION TRUST","Trust",1991-04-01,NA,NA,"YEOVIL DISTRICT HOSPITAL NHS FOUNDATION TRUST","20/21 Standards Met","30/06/2021","Acute","",NA,"20/21 Standards Met"
"153","RA7","UNIVERSITY HOSPITALS BRISTOL AND WESTON NHS FOUNDATION TRUST","Trust",1991-04-01,NA,NA,"University Hospitals Bristol and Weston NHS Foundation Trust","20/21 Approaching Standards","30/06/2021","Acute","",NA,"20/21 Approaching Standards"
"154","RA9","TORBAY AND SOUTH DEVON NHS FOUNDATION TRUST","Trust",1991-04-01,NA,NA,"TORBAY AND SOUTH DEVON NHS FOUNDATION TRUST","20/21 Standards Met","04/08/2021","Acute","",NA,"20/21 Standards Met"
"155","RAE","BRADFORD TEACHING HOSPITALS NHS FOUNDATION TRUST","Trust",1991-04-01,NA,NA,"BRADFORD TEACHING HOSPITALS NHS FOUNDATION TRUST","20/21 Standards Met","28/07/2021","Acute","",NA,"20/21 Standards Met"
"156","RAJ","MID AND SOUTH ESSEX NHS FOUNDATION TRUST","Trust",1991-04-01,NA,NA,"MID AND SOUTH ESSEX NHS FOUNDATION TRUST","20/21 Approaching Standards","25/06/2021","Acute","",NA,"20/21 Approaching Standards"
"157","RAL","ROYAL FREE LONDON NHS FOUNDATION TRUST","Trust",1991-04-01,NA,NA,"ROYAL FREE LONDON NHS FOUNDATION TRUST","20/21 Standards Not Met","30/06/2021","Acute","",NA,"20/21 Standards Not Met"
"158","RAN","ROYAL NATIONAL ORTHOPAEDIC HOSPITAL NHS TRUST","Trust",1991-04-01,NA,NA,"ROYAL NATIONAL ORTHOPAEDIC HOSPITAL NHS TRUST","20/21 Standards Met","27/07/2021","Acute","",NA,"20/21 Standards Met"
"159","RAP","NORTH MIDDLESEX UNIVERSITY HOSPITAL NHS TRUST","Trust",1991-04-01,NA,NA,"NORTH MIDDLESEX UNIVERSITY HOSPITAL NHS TRUST","20/21 Standards Met","02/08/2021","Acute","",NA,"20/21 Standards Met"
"160","RAS","THE HILLINGDON HOSPITALS NHS FOUNDATION TRUST","Trust",1991-04-01,NA,NA,"THE HILLINGDON HOSPITALS NHS FOUNDATION TRUST","20/21 Standards Exceeded","28/07/2021","Acute","",NA,"20/21 Standards Exceeded"
"161","RAT","NORTH EAST LONDON NHS FOUNDATION TRUST","Trust",2001-04-01,NA,NA,"NORTH EAST LONDON NHS FOUNDATION TRUST","20/21 Standards Met","29/06/2021","Community Services Provider","",NA,"20/21 Standards Met"
"162","RAX","KINGSTON HOSPITAL NHS FOUNDATION TRUST","Trust",1991-04-01,NA,NA,"KINGSTON HOSPITAL NHS FOUNDATION TRUST","20/21 Approaching Standards","30/06/2021","Acute","",NA,"20/21 Approaching Standards"
"163","RBD","DORSET COUNTY HOSPITAL NHS FOUNDATION TRUST","Trust",1991-04-01,NA,NA,"DORSET COUNTY HOSPITALS NHS FOUNDATION TRUST","20/21 Approaching Standards","29/06/2021","Acute","",NA,"20/21 Approaching Standards"
"164","RBK","WALSALL HEALTHCARE NHS TRUST","Trust",1991-04-01,NA,NA,"WALSALL HEALTHCARE NHS TRUST","20/21 Approaching Standards","04/08/2021","Acute","",NA,"20/21 Approaching Standards"
"165","RBL","WIRRAL UNIVERSITY TEACHING HOSPITAL NHS FOUNDATION TRUST","Trust",1991-04-01,NA,NA,"WIRRAL UNIVERSITY TEACHING HOSPITAL NHS FOUNDATION TRUST","20/21 Standards Met","29/06/2021","Acute","",NA,"20/21 Standards Met"
"166","RBN","ST HELENS AND KNOWSLEY TEACHING HOSPITALS NHS TRUST","Trust",1991-04-01,NA,NA,"ST HELENS AND KNOWSLEY HOSPITALS NHS TRUST","20/21 Standards Met","29/06/2021","Acute","",NA,"20/21 Standards Met"
"167","RBQ","LIVERPOOL HEART AND CHEST HOSPITAL NHS FOUNDATION TRUST","Trust",1991-04-01,NA,NA,"LIVERPOOL HEART AND CHEST HOSPITAL NHS TRUST","20/21 Approaching Standards","30/06/2021","Acute","",NA,"20/21 Approaching Standards"
"168","RBS","ALDER HEY CHILDREN'S NHS FOUNDATION TRUST","Trust",1991-04-01,NA,NA,"Alder Hey Children's NHS Foundation Trust","20/21 Approaching Standards","01/07/2021","Acute","",NA,"20/21 Approaching Standards"
"169","RBT","MID CHESHIRE HOSPITALS NHS FOUNDATION TRUST","Trust",1991-04-01,NA,NA,"MID CHESHIRE HOSPITALS NHS FOUNDATION TRUST","20/21 Standards Met","28/06/2021","Acute","",NA,"20/21 Standards Met"
"170","RBV","THE CHRISTIE NHS FOUNDATION TRUST","Trust",1991-04-01,NA,NA,"THE CHRISTIE NHS FOUNDATION TRUST","20/21 Approaching Standards","30/06/2021","Acute","",NA,"20/21 Approaching Standards"
"171","RBZ","NORTHERN DEVON HEALTHCARE NHS TRUST","Trust",1991-04-01,NA,NA,"NORTHERN DEVON HEALTHCARE NHS TRUST","20/21 Approaching Standards","30/06/2021","Acute","",NA,"20/21 Approaching Standards"
"172","RC9","BEDFORDSHIRE HOSPITALS NHS FOUNDATION TRUST","Trust",1992-04-01,NA,NA,"Bedfordshire Hospitals NHS Foundation Trust","20/21 Approaching Standards","09/08/2021","Acute","",NA,"20/21 Approaching Standards"
"173","RCB","YORK AND SCARBOROUGH TEACHING HOSPITALS NHS FOUNDATION TRUST","Trust",1992-04-01,NA,NA,"York and Scarborough Teaching Hospitals NHS Foundation Trust","20/21 Standards Met","29/06/2021","Acute","",NA,"20/21 Standards Met"
"174","RCD","HARROGATE AND DISTRICT NHS FOUNDATION TRUST","Trust",1992-04-01,NA,NA,"HARROGATE AND DISTRICT NHS FOUNDATION TRUST","20/21 Standards Met","16/06/2021","Acute","",NA,"20/21 Standards Met"
"175","RCF","AIREDALE NHS FOUNDATION TRUST","Trust",1992-04-01,NA,NA,"AIREDALE NHS FOUNDATION TRUST","20/21 Standards Met","06/08/2021","Acute","",NA,"20/21 Standards Met"
"176","RCU","SHEFFIELD CHILDREN'S NHS FOUNDATION TRUST","Trust",1992-04-01,NA,NA,"SHEFFIELD CHILDREN'S NHS FOUNDATION TRUST","20/21 Standards Met","30/06/2021","Acute","",NA,"20/21 Standards Met"
"177","RCX","THE QUEEN ELIZABETH HOSPITAL, KING'S LYNN, NHS FOUNDATION TRUST","Trust",1992-04-01,NA,NA,"THE QUEEN ELIZABETH HOSPITAL KING'S LYNN NHS FOUNDATION TRUST","20/21 Approaching Standards","23/08/2021","Acute","",NA,"20/21 Approaching Standards"
"178","RD1","ROYAL UNITED HOSPITALS BATH NHS FOUNDATION TRUST","Trust",1992-04-01,NA,NA,"ROYAL UNITED HOSPITAL BATH NHS TRUST","20/21 Standards Met","02/08/2021","Acute","",NA,"20/21 Standards Met"
"179","RD8","MILTON KEYNES UNIVERSITY HOSPITAL NHS FOUNDATION TRUST","Trust",1992-04-01,NA,NA,"Milton Keynes University Hospital NHS Foundation Trust","20/21 Standards Met","10/08/2021","Acute","",NA,"20/21 Standards Met"
"180","RDE","EAST SUFFOLK AND NORTH ESSEX NHS FOUNDATION TRUST","Trust",1992-04-01,NA,NA,"East Suffolk and North Essex Foundation Trust","20/21 Approaching Standards","03/08/2021","Acute","",NA,"20/21 Approaching Standards"
"181","RDR","SUSSEX COMMUNITY NHS FOUNDATION TRUST","Trust",1992-04-01,NA,NA,"Sussex Community NHS Foundation Trust","20/21 Standards Met","30/06/2021","Community Services Provider","",NA,"20/21 Standards Met"
"182","RDU","FRIMLEY HEALTH NHS FOUNDATION TRUST","Trust",1992-04-01,NA,NA,"FRIMLEY HEALTH NHS FOUNDATION TRUST","20/21 Standards Not Met","29/06/2021","Acute","",NA,"20/21 Standards Not Met"
"183","RDY","DORSET HEALTHCARE UNIVERSITY NHS FOUNDATION TRUST","Trust",1992-04-01,NA,NA,"DORSET HEALTHCARE UNIVERSITY NHS FOUNDATION TRUST","20/21 Approaching Standards","28/07/2021","Mental Health Trust","",NA,"20/21 Approaching Standards"
"184","REF","ROYAL CORNWALL HOSPITALS NHS TRUST","Trust",1992-04-01,NA,NA,"ROYAL CORNWALL HOSPITALS NHS TRUST","20/21 Standards Met","28/06/2021","Acute","",NA,"20/21 Standards Met"
"185","REM","LIVERPOOL UNIVERSITY HOSPITALS NHS FOUNDATION TRUST","Trust",1992-04-01,NA,NA,"LIVERPOOL UNIVERSITY HOSPITALS NHS FOUNDATION TRUST","20/21 Standards Met","29/07/2021","Acute","",NA,"20/21 Standards Met"
"186","REN","THE CLATTERBRIDGE CANCER CENTRE NHS FOUNDATION TRUST","Trust",1992-04-01,NA,NA,"CLATTERBRIDGE CANCER CENTRE NHS FOUNDATION TRUST","20/21 Standards Met","29/06/2021","Acute","",NA,"20/21 Standards Met"
"187","REP","LIVERPOOL WOMEN'S NHS FOUNDATION TRUST","Trust",1992-04-01,NA,NA,"LIVERPOOL WOMENS HOSPITAL NHS TRUST","20/21 Standards Exceeded","30/06/2021","Acute","",NA,"20/21 Standards Exceeded"
"188","RET","THE WALTON CENTRE NHS FOUNDATION TRUST","Trust",1992-04-01,NA,NA,"THE WALTON CENTRE NHS FOUNDATION TRUST","20/21 Standards Met","30/07/2021","Acute","",NA,"20/21 Standards Met"
"189","RF4","BARKING, HAVERING AND REDBRIDGE UNIVERSITY HOSPITALS NHS TRUST","Trust",2001-04-01,NA,NA,"BARKING, HAVERING AND REDBRIDGE HOSPITALS NHS TRUST","20/21 Standards Met","22/06/2021","Acute","",NA,"20/21 Standards Met"
"190","RFF","BARNSLEY HOSPITAL NHS FOUNDATION TRUST","Trust",1993-04-01,NA,NA,"BARNSLEY HOSPITAL NHS FOUNDATION TRUST","20/21 Standards Met","28/06/2021","Acute","",NA,"20/21 Standards Met"
"191","RFR","THE ROTHERHAM NHS FOUNDATION TRUST","Trust",1993-04-01,NA,NA,"THE ROTHERHAM NHS FOUNDATION TRUST","20/21 Standards Met","29/06/2021","Acute","",NA,"20/21 Standards Met"
"192","RFS","CHESTERFIELD ROYAL HOSPITAL NHS FOUNDATION TRUST","Trust",1993-04-01,NA,NA,"CHESTERFIELD ROYAL HOSPITAL NHS FOUNDATION TRUST","20/21 Standards Met","30/06/2021","Acute","",NA,"20/21 Standards Met"
"193","RGD","LEEDS AND YORK PARTNERSHIP NHS FOUNDATION TRUST","Trust",1993-04-01,NA,NA,"LEEDS AND YORK PARTNERSHIP NHS FOUNDATION TRUST","20/21 Approaching Standards","30/06/2021","Mental Health Trust","",NA,"20/21 Approaching Standards"
"194","RGM","ROYAL PAPWORTH HOSPITAL NHS FOUNDATION TRUST","Trust",1993-04-01,NA,NA,"ROYAL PAPWORTH HOSPITAL NHS FOUNDATION TRUST","20/21 Standards Met","30/06/2021","Acute","",NA,"20/21 Standards Met"
"195","RGN","NORTH WEST ANGLIA NHS FOUNDATION TRUST","Trust",1993-04-01,NA,NA,"NORTH WEST ANGLIA NHS FOUNDATION TRUST","20/21 Approaching Standards","02/07/2021","Acute","",NA,"20/21 Approaching Standards"
"196","RGP","JAMES PAGET UNIVERSITY HOSPITALS NHS FOUNDATION TRUST","Trust",1993-04-01,NA,NA,"JAMES PAGET UNIVERSITY HOSPITALS NHS FOUNDATION TRUST","20/21 Standards Exceeded","30/06/2021","Acute","",NA,"20/21 Standards Exceeded"
"197","RGR","WEST SUFFOLK NHS FOUNDATION TRUST","Trust",1993-04-01,NA,NA,"WEST SUFFOLK NHS FOUNDATION TRUST","20/21 Approaching Standards","03/08/2021","Acute","",NA,"20/21 Approaching Standards"
"198","RGT","CAMBRIDGE UNIVERSITY HOSPITALS NHS FOUNDATION TRUST","Trust",1993-04-01,NA,NA,"CAMBRIDGE UNIVERSITY HOSPITALS NHS FOUNDATION TRUST","20/21 Standards Not Met","29/06/2021","Acute","",NA,"20/21 Standards Not Met"
"199","RH5","SOMERSET NHS FOUNDATION TRUST","Trust",1993-04-01,NA,NA,"SOMERSET NHS FOUNDATION TRUST","20/21 Standards Exceeded","21/06/2021","Acute","",NA,"20/21 Standards Exceeded"
"200","RH8","ROYAL DEVON AND EXETER NHS FOUNDATION TRUST","Trust",1993-04-01,NA,NA,"ROYAL DEVON AND EXETER NHS FOUNDATION TRUST","20/21 Approaching Standards","29/06/2021","Acute","",NA,"20/21 Approaching Standards"
"201","RHA","NOTTINGHAMSHIRE HEALTHCARE NHS FOUNDATION TRUST","Trust",2001-04-01,NA,NA,"Nottinghamshire Healthcare NHS Foundation Trust","20/21 Standards Met","09/08/2021","Mental Health Trust","",NA,"20/21 Standards Met"
"202","RHM","UNIVERSITY HOSPITAL SOUTHAMPTON NHS FOUNDATION TRUST","Trust",1993-04-01,NA,NA,"University Hospitals Southampton NHS Foundation Trust","20/21 Approaching Standards","25/06/2021","Acute","",NA,"20/21 Approaching Standards"
"203","RHQ","SHEFFIELD TEACHING HOSPITALS NHS FOUNDATION TRUST","Trust",2001-04-01,NA,NA,"SHEFFIELD TEACHING HOSPITALS NHS FOUNDATION TRUST","20/21 Standards Met","28/07/2021","Acute","",NA,"20/21 Standards Met"
"204","RHU","PORTSMOUTH HOSPITALS UNIVERSITY NATIONAL HEALTH SERVICE TRUST","Trust",1993-04-01,NA,NA,"PORTSMOUTH HOSPITALS UNIVERSITY NHS TRUST","20/21 Approaching Standards","12/08/2021","Acute","",NA,"20/21 Approaching Standards"
"205","RHW","ROYAL BERKSHIRE NHS FOUNDATION TRUST","Trust",1993-04-01,NA,NA,"ROYAL BERKSHIRE NHS FOUNDATION TRUST","20/21 Approaching Standards","20/07/2021","Acute","",NA,"20/21 Approaching Standards"
"206","RJ1","GUY'S AND ST THOMAS' NHS FOUNDATION TRUST","Trust",1993-04-01,NA,NA,"GUY'S AND ST THOMAS' NHS FOUNDATION TRUST","20/21 Approaching Standards","30/06/2021","Acute","",NA,"20/21 Approaching Standards"
"207","RJ2","LEWISHAM AND GREENWICH NHS TRUST","Trust",1993-04-01,NA,NA,"Lewisham and Greenwich NHS Trust","20/21 Standards Met","30/06/2021","Acute","",NA,"20/21 Standards Met"
"208","RJ6","CROYDON HEALTH SERVICES NHS TRUST","Trust",1993-04-01,NA,NA,"Croydon Health Services NHS Trust","20/21 Standards Not Met","05/07/2021","Acute","",NA,"20/21 Standards Not Met"
"209","RJ7","ST GEORGE'S UNIVERSITY HOSPITALS NHS FOUNDATION TRUST","Trust",1993-04-01,NA,NA,"St George's University Hospitals NHS Foundation Trust","20/21 Standards Met","03/08/2021","Acute","",NA,"20/21 Standards Met"
"210","RJ8","CORNWALL PARTNERSHIP NHS FOUNDATION TRUST","Trust",1993-04-01,NA,NA,"CORNWALL PARTNERSHIP NHS FOUNDATION TRUST","20/21 Standards Met","29/06/2021","Mental Health Trust","",NA,"20/21 Standards Met"
"211","RJC","SOUTH WARWICKSHIRE NHS FOUNDATION TRUST","Trust",1993-04-01,NA,NA,"SOUTH WARWICKSHIRE NHS FOUNDATION TRUST","20/21 Standards Met","30/06/2021","Acute","",NA,"20/21 Standards Met"
"212","RJE","UNIVERSITY HOSPITALS OF NORTH MIDLANDS NHS TRUST","Trust",1993-04-01,NA,NA,"UNIVERSITY HOSPITALS OF NORTH MIDLANDS NHS TRUST","20/21 Approaching Standards","30/06/2021","Acute","",NA,"20/21 Approaching Standards"
"213","RJL","NORTHERN LINCOLNSHIRE AND GOOLE NHS FOUNDATION TRUST","Trust",2001-04-01,NA,NA,"NORTHERN LINCOLNSHIRE AND GOOLE NHS FOUNDATION TRUST","20/21 Approaching Standards","30/06/2021","Acute","",NA,"20/21 Approaching Standards"
"214","RJN","EAST CHESHIRE NHS TRUST","Trust",1993-04-01,NA,NA,"EAST CHESHIRE NHS TRUST","20/21 Standards Met","30/06/2021","Acute","",NA,"20/21 Standards Met"
"215","RJR","COUNTESS OF CHESTER HOSPITAL NHS FOUNDATION TRUST","Trust",1993-04-01,NA,NA,"COUNTESS OF CHESTER HOSPITAL NHS FOUNDATION TRUST","20/21 Approaching Standards","12/07/2021","Acute","",NA,"20/21 Approaching Standards"
"216","RJZ","KING'S COLLEGE HOSPITAL NHS FOUNDATION TRUST","Trust",1993-04-01,NA,NA,"KING'S COLLEGE HOSPITAL NHS FOUNDATION TRUST","20/21 Approaching Standards","02/08/2021","Acute","",NA,"20/21 Approaching Standards"
"217","RK5","SHERWOOD FOREST HOSPITALS NHS FOUNDATION TRUST","Trust",1994-04-01,NA,NA,"SHERWOOD FOREST HOSPITALS NHS FOUNDATION TRUST","20/21 Standards Met","03/08/2021","Acute","",NA,"20/21 Standards Met"
"218","RK9","UNIVERSITY HOSPITALS PLYMOUTH NHS TRUST","Trust",1994-04-01,NA,NA,"University Hospitals Plymouth NHS Trust","20/21 Standards Met","24/06/2021","Acute","",NA,"20/21 Standards Met"
"219","RKB","UNIVERSITY HOSPITALS COVENTRY AND WARWICKSHIRE NHS TRUST","Trust",1993-04-01,NA,NA,"UNIVERSITY HOSPITALS COVENTRY AND WARWICKSHIRE NHS TRUST","20/21 Standards Met","28/07/2021","Acute","",NA,"20/21 Standards Met"
"220","RKE","WHITTINGTON HEALTH NHS TRUST","Trust",1993-04-01,NA,NA,"THE WHITTINGTON HOSPITAL NHS TRUST","20/21 Approaching Standards","02/07/2021","Acute","",NA,"20/21 Approaching Standards"
"221","RKL","WEST LONDON NHS TRUST","Trust",2001-04-01,NA,NA,"WEST LONDON NHS TRUST","20/21 Standards Met","05/08/2021","Mental Health Trust","",NA,"20/21 Standards Met"
"222","RL1","THE ROBERT JONES AND AGNES HUNT ORTHOPAEDIC HOSPITAL NHS FOUNDATION TRUST","Trust",1994-04-01,NA,NA,"The Robert Jones & Agnes Hunt Orthopaedic Hospital NHS Foundation Trust","20/21 Standards Met","29/06/2021","Acute","",NA,"20/21 Standards Met"
"223","RL4","THE ROYAL WOLVERHAMPTON NHS TRUST","Trust",1994-04-01,NA,NA,"THE ROYAL WOLVERHAMPTON NHS TRUST","20/21 Standards Met","30/06/2021","Acute","",NA,"20/21 Standards Met"
"224","RLQ","WYE VALLEY NHS TRUST","Trust",1994-04-01,NA,NA,"WYE VALLEY NHS TRUST (RLQ)","20/21 Approaching Standards","29/06/2021","Acute","",NA,"20/21 Approaching Standards"
"225","RLT","GEORGE ELIOT HOSPITAL NHS TRUST","Trust",1994-04-01,NA,NA,"GEORGE ELIOT HOSPITAL NHS TRUST","20/21 Approaching Standards","30/06/2021","Acute","",NA,"20/21 Approaching Standards"
"226","RLY","NORTH STAFFORDSHIRE COMBINED HEALTHCARE NHS TRUST","Trust",1994-04-01,NA,NA,"NORTH STAFFORDSHIRE COMBINED HEALTHCARE NHS TRUST","20/21 Standards Met","23/06/2021","Mental Health Trust","",NA,"20/21 Standards Met"
"227","RM1","NORFOLK AND NORWICH UNIVERSITY HOSPITALS NHS FOUNDATION TRUST","Trust",1994-04-01,NA,NA,"NORFOLK AND NORWICH UNIVERSITY HOSPITALS NHS FOUNDATION TRUST","20/21 Standards Met","30/06/2021","Acute","",NA,"20/21 Standards Met"
"228","RM3","SALFORD ROYAL NHS FOUNDATION TRUST","Trust",1994-04-01,NA,NA,"SALFORD ROYAL HOSPITALS NHS TRUST","20/21 Standards Met","28/07/2021","Acute","",NA,"20/21 Standards Met"
"229","RMC","BOLTON NHS FOUNDATION TRUST","Trust",1994-04-01,NA,NA,"BOLTON NHS FOUNDATION TRUST","20/21 Standards Met","28/07/2021","Acute","",NA,"20/21 Standards Met"
"230","RMP","TAMESIDE AND GLOSSOP INTEGRATED CARE NHS FOUNDATION TRUST","Trust",1994-04-01,NA,NA,"TAMESIDE AND GLOSSOP INTEGRATED CARE NHS FOUNDATION TRUST","20/21 Approaching Standards","30/06/2021","Acute","",NA,"20/21 Approaching Standards"
"231","RMY","NORFOLK AND SUFFOLK NHS FOUNDATION TRUST","Trust",1994-04-01,NA,NA,"NORFOLK AND SUFFOLK NHS FOUNDATION TRUST","20/21 Standards Met","29/07/2021","Mental Health Trust","",NA,"20/21 Standards Met"
"232","RN3","GREAT WESTERN HOSPITALS NHS FOUNDATION TRUST","Trust",1994-04-01,NA,NA,"GREAT WESTERN HOSPITALS NHS FOUNDATION TRUST","20/21 Standards Met","18/06/2021","Acute","",NA,"20/21 Standards Met"
"233","RN5","HAMPSHIRE HOSPITALS NHS FOUNDATION TRUST","Trust",1994-04-01,NA,NA,"HAMPSHIRE HOSPITALS NHS FOUNDATION TRUST","20/21 Standards Met","30/06/2021","Acute","",NA,"20/21 Standards Met"
"234","RN7","DARTFORD AND GRAVESHAM NHS TRUST","Trust",1994-04-01,NA,NA,"DARTFORD AND GRAVESHAM NHS TRUST","20/21 Standards Met","29/06/2021","Acute","",NA,"20/21 Standards Met"
"235","RNA","THE DUDLEY GROUP NHS FOUNDATION TRUST","Trust",1994-04-01,NA,NA,"THE DUDLEY GROUP NHS FOUNDATION TRUST","20/21 Standards Met","28/07/2021","Acute","",NA,"20/21 Standards Met"
"236","RNK","TAVISTOCK AND PORTMAN NHS FOUNDATION TRUST","Trust",1994-04-01,NA,NA,"TAVISTOCK AND PORTMAN NHS FOUNDATION TRUST","20/21 Approaching Standards","30/06/2021","Mental Health Trust","",NA,"20/21 Approaching Standards"
"237","RNN","NORTH CUMBRIA INTEGRATED CARE NHS FOUNDATION TRUST","Trust",2001-04-01,NA,NA,"North Cumbria Integrated Care NHS Foundation Trust","20/21 Approaching Standards","28/06/2021","Acute","",NA,"20/21 Approaching Standards"
"238","RNQ","KETTERING GENERAL HOSPITAL NHS FOUNDATION TRUST","Trust",1994-04-01,NA,NA,"KETTERING GENERAL HOSPITAL NHS FOUNDATION TRUST","20/21 Standards Met","02/08/2021","Acute","",NA,"20/21 Standards Met"
"239","RNS","NORTHAMPTON GENERAL HOSPITAL NHS TRUST","Trust",1994-04-01,NA,NA,"NORTHAMPTON GENERAL HOSPITAL NHS TRUST","20/21 Standards Met","30/06/2021","Acute","",NA,"20/21 Standards Met"
"240","RNU","OXFORD HEALTH NHS FOUNDATION TRUST","Trust",1994-04-01,NA,NA,"OXFORD HEALTH NHS FOUNDATION TRUST","20/21 Standards Met","04/08/2021","Mental Health Trust","",NA,"20/21 Standards Met"
"241","RNZ","SALISBURY NHS FOUNDATION TRUST","Trust",1994-04-01,NA,NA,"SALISBURY NHS FOUNDATION TRUST","20/21 Approaching Standards","28/06/2021","Acute","",NA,"20/21 Approaching Standards"
"242","RP1","NORTHAMPTONSHIRE HEALTHCARE NHS FOUNDATION TRUST","Trust",2001-04-01,NA,NA,"NORTHAMPTONSHIRE HEALTHCARE NHS FOUNDATION TRUST","20/21 Standards Met","03/08/2021","Mental Health Trust","",NA,"20/21 Standards Met"
"243","RP4","GREAT ORMOND STREET HOSPITAL FOR CHILDREN NHS FOUNDATION TRUST","Trust",1994-04-01,NA,NA,"Great Ormond Street Hospital for Children NHS Foundation Trust","20/21 Approaching Standards","30/06/2021","Acute","",NA,"20/21 Approaching Standards"
"244","RP5","DONCASTER AND BASSETLAW TEACHING HOSPITALS NHS FOUNDATION TRUST","Trust",2001-04-01,NA,NA,"DONCASTER AND BASSETLAW TEACHING HOSPITALS NHS FOUNDATION TRUST","20/21 Standards Met","30/07/2021","Acute","",NA,"20/21 Standards Met"
"245","RP6","MOORFIELDS EYE HOSPITAL NHS FOUNDATION TRUST","Trust",1994-04-01,NA,NA,"MOORFIELDS EYE HOSPITAL NHS FOUNDATION TRUST","20/21 Standards Met","30/06/2021","Acute","",NA,"20/21 Standards Met"
"246","RP7","LINCOLNSHIRE PARTNERSHIP NHS FOUNDATION TRUST","Trust",2001-04-01,NA,NA,"LINCOLNSHIRE PARTNERSHIP NHS FOUNDATION TRUST","20/21 Standards Met","28/07/2021","Mental Health Trust","",NA,"20/21 Standards Met"
"247","RPA","MEDWAY NHS FOUNDATION TRUST","Trust",1994-04-01,NA,NA,"MEDWAY NHS FOUNDATION TRUST","20/21 Standards Met","29/06/2021","Acute","",NA,"20/21 Standards Met"
"248","RPC","QUEEN VICTORIA HOSPITAL NHS FOUNDATION TRUST","Trust",1994-04-01,NA,NA,"THE QUEEN VICTORIA HOSPITAL NHS FOUNDATION TRUST","20/21 Standards Exceeded","30/06/2021","Acute","",NA,"20/21 Standards Exceeded"
"249","RPG","OXLEAS NHS FOUNDATION TRUST","Trust",1994-04-01,NA,NA,"OXLEAS NHS FOUNDATION TRUST","20/21 Standards Met","29/06/2021","Mental Health Trust","",NA,"20/21 Standards Met"
"250","RPY","THE ROYAL MARSDEN NHS FOUNDATION TRUST","Trust",1994-04-01,NA,NA,"THE ROYAL MARSDEN NHS FOUNDATION TRUST","20/21 Standards Met","28/06/2021","Acute","",NA,"20/21 Standards Met"
"251","RQ3","BIRMINGHAM WOMEN'S AND CHILDREN'S NHS FOUNDATION TRUST","Trust",1995-04-01,NA,NA,"Birmingham Women?s and Children?s NHS Foundation Trust","20/21 Approaching Standards","29/06/2021","Acute","",NA,"20/21 Approaching Standards"
"252","RQM","CHELSEA AND WESTMINSTER HOSPITAL NHS FOUNDATION TRUST","Trust",1994-04-01,NA,NA,"CHELSEA AND WESTMINSTER HOSPITAL NHS FOUNDATION TRUST","20/21 Standards Met","15/06/2021","Acute","",NA,"20/21 Standards Met"
"253","RQW","THE PRINCESS ALEXANDRA HOSPITAL NHS TRUST","Trust",1995-04-01,NA,NA,"THE PRINCESS ALEXANDRA HOSPITAL NHS TRUST","20/21 Standards Met","29/06/2021","Acute","",NA,"20/21 Standards Met"
"254","RQX","HOMERTON UNIVERSITY HOSPITAL NHS FOUNDATION TRUST","Trust",1995-04-01,NA,NA,"HOMERTON UNIVERSITY HOSPITAL NHS FOUNDATION TRUST","20/21 Approaching Standards","09/08/2021","Acute","",NA,"20/21 Approaching Standards"
"255","RQY","SOUTH WEST LONDON AND ST GEORGE'S MENTAL HEALTH NHS TRUST","Trust",1995-04-01,NA,NA,"SOUTH WEST LONDON AND ST GEORGE'S MENTAL HEALTH NHS TRUST","20/21 Standards Met","02/06/2021","Mental Health Trust","",NA,"20/21 Standards Met"
"256","RR7","GATESHEAD HEALTH NHS FOUNDATION TRUST","Trust",1998-04-01,NA,NA,"GATESHEAD HEALTH NHS FOUNDATION TRUST","20/21 Standards Met","30/06/2021","Acute","",NA,"20/21 Standards Met"
"257","RR8","LEEDS TEACHING HOSPITALS NHS TRUST","Trust",1998-04-01,NA,NA,"THE LEEDS TEACHING HOSPITALS NHS TRUST","20/21 Standards Met","28/07/2021","Acute","",NA,"20/21 Standards Met"
"258","RRE","MIDLANDS PARTNERSHIP NHS FOUNDATION TRUST","Trust",2001-04-01,NA,NA,"MIDLANDS PARTNERSHIP NHS FOUNDATION TRUST (RRE)","20/21 Approaching Standards","30/06/2021","Community Services Provider","",NA,"20/21 Approaching Standards"
"259","RRF","WRIGHTINGTON, WIGAN AND LEIGH NHS FOUNDATION TRUST","Trust",2001-04-01,NA,NA,"Wrightington, Wigan and Leigh Teaching Hospitals NHS Foundation Trust","20/21 Approaching Standards","18/06/2021","Acute","",NA,"20/21 Approaching Standards"
"260","RRJ","THE ROYAL ORTHOPAEDIC HOSPITAL NHS FOUNDATION TRUST","Trust",1995-04-01,NA,NA,"THE ROYAL ORTHOPAEDIC HOSPITAL NHS FOUNDATION TRUST","20/21 Approaching Standards","30/06/2021","Acute","",NA,"20/21 Approaching Standards"
"261","RRK","UNIVERSITY HOSPITALS BIRMINGHAM NHS FOUNDATION TRUST","Trust",1995-04-01,NA,NA,"UNIVERSITY HOSPITALS BIRMINGHAM NHS FOUNDATION TRUST","20/21 Approaching Standards","01/07/2021","Acute","",NA,"20/21 Approaching Standards"
"262","RRP","BARNET, ENFIELD AND HARINGEY MENTAL HEALTH NHS TRUST","Trust",2001-04-01,NA,NA,"BARNET, ENFIELD AND HARINGEY MENTAL HEALTH NHS TRUST","20/21 Approaching Standards","25/06/2021","Mental Health Trust","",NA,"20/21 Approaching Standards"
"263","RRU","LONDON AMBULANCE SERVICE NHS TRUST","Trust",1996-04-01,NA,NA,"LONDON AMBULANCE SERVICE NHS TRUST","20/21 Approaching Standards","30/06/2021","Ambulance Trust","",NA,"20/21 Approaching Standards"
"264","RRV","UNIVERSITY COLLEGE LONDON HOSPITALS NHS FOUNDATION TRUST","Trust",1996-04-01,NA,NA,"UNIVERSITY COLLEGE LONDON HOSPITALS NHS FOUNDATION TRUST","20/21 Approaching Standards","30/06/2021","Acute","",NA,"20/21 Approaching Standards"
"265","RT1","CAMBRIDGESHIRE AND PETERBOROUGH NHS FOUNDATION TRUST","Trust",2002-04-01,NA,NA,"CAMBRIDGESHIRE AND PETERBOROUGH NHS FOUNDATION TRUST","20/21 Standards Met","06/08/2021","Mental Health Trust","",NA,"20/21 Standards Met"
"266","RT2","PENNINE CARE NHS FOUNDATION TRUST","Trust",2002-04-01,NA,NA,"PENNINE CARE NHS FOUNDATION TRUST","20/21 Standards Not Met","30/06/2021","Mental Health Trust","",NA,"20/21 Standards Not Met"
"267","RT5","LEICESTERSHIRE PARTNERSHIP NHS TRUST","Trust",1999-04-01,NA,NA,"LEICESTERSHIRE PARTNERSHIP NHS TRUST","20/21 Standards Met","10/06/2021","Mental Health Trust","",NA,"20/21 Standards Met"
"268","RTD","THE NEWCASTLE UPON TYNE HOSPITALS NHS FOUNDATION TRUST","Trust",1998-04-01,NA,NA,"THE NEWCASTLE UPON TYNE HOSPITALS NHS FOUNDATION TRUST","20/21 Standards Met","29/06/2021","Acute","",NA,"20/21 Standards Met"
"269","RTE","GLOUCESTERSHIRE HOSPITALS NHS FOUNDATION TRUST","Trust",2002-04-01,NA,NA,"GLOUCESTERSHIRE HOSPITALS NHS FOUNDATION TRUST","20/21 Standards Met","30/06/2021","Acute","",NA,"20/21 Standards Met"
"270","RTF","NORTHUMBRIA HEALTHCARE NHS FOUNDATION TRUST","Trust",1998-04-01,NA,NA,"NORTHUMBRIA HEALTHCARE NHS FOUNDATION TRUST","20/21 Standards Met","30/06/2021","Acute","",NA,"20/21 Standards Met"
"271","RTG","UNIVERSITY HOSPITALS OF DERBY AND BURTON NHS FOUNDATION TRUST","Trust",1998-04-01,NA,NA,"UNIVERSITY HOSPITALS OF DERBY AND BURTON NHS FOUNDATION TRUST","20/21 Standards Met","28/06/2021","Acute","",NA,"20/21 Standards Met"
"272","RTH","OXFORD UNIVERSITY HOSPITALS NHS FOUNDATION TRUST","Trust",1998-04-01,NA,NA,"OXFORD UNIVERSITY HOSPITALS NHS FOUNDATION TRUST","20/21 Approaching Standards","04/08/2021","Acute","",NA,"20/21 Approaching Standards"
"273","RTK","ASHFORD AND ST PETER'S HOSPITALS NHS FOUNDATION TRUST","Trust",1998-04-01,NA,NA,"ASHFORD AND ST PETER'S HOSPITALS NHS FOUNDATION TRUST","20/21 Standards Met","17/08/2021","Acute","",NA,"20/21 Standards Met"
"274","RTP","SURREY AND SUSSEX HEALTHCARE NHS TRUST","Trust",1998-04-01,NA,NA,"SURREY AND SUSSEX HEALTHCARE NHS TRUST","20/21 Standards Met","30/06/2021","Acute","",NA,"20/21 Standards Met"
"275","RTQ","GLOUCESTERSHIRE HEALTH AND CARE NHS FOUNDATION TRUST","Trust",2002-04-01,NA,NA,"Gloucestershire Health and Care NHS Foundation Trust","20/21 Standards Exceeded","25/06/2021","Mental Health Trust","",NA,"20/21 Standards Exceeded"
"276","RTR","SOUTH TEES HOSPITALS NHS FOUNDATION TRUST","Trust",2002-04-01,NA,NA,"SOUTH TEES HOSPITALS NHS FOUNDATION TRUST","20/21 Approaching Standards","30/06/2021","Acute","",NA,"20/21 Approaching Standards"
"277","RTV","NORTH WEST BOROUGHS HEALTHCARE NHS FOUNDATION TRUST","Trust",2002-04-01,2021-05-31,"RW4","NORTH WEST BOROUGHS HEALTHCARE NHS FOUNDATION TRUST","20/21 Standards Met","30/07/2021","Mental Health Trust","","20/21 Standards Met","20/21 Standards Met"
"278","RTX","UNIVERSITY HOSPITALS OF MORECAMBE BAY NHS FOUNDATION TRUST","Trust",1998-04-01,NA,NA,"UNIVERSITY HOSPITALS OF MORECAMBE BAY NHS FOUNDATION TRUST","20/21 Approaching Standards","30/06/2021","Acute","",NA,"20/21 Approaching Standards"
"279","RV3","CENTRAL AND NORTH WEST LONDON NHS FOUNDATION TRUST","Trust",1999-04-01,NA,NA,"CENTRAL AND NORTH WEST LONDON NHS FOUNDATION TRUST","20/21 Standards Met","21/06/2021","Mental Health Trust","",NA,"20/21 Standards Met"
"280","RV5","SOUTH LONDON AND MAUDSLEY NHS FOUNDATION TRUST","Trust",1999-04-01,NA,NA,"SOUTH LONDON AND MAUDSLEY NHS FOUNDATION TRUST","20/21 Standards Met","05/08/2021","Mental Health Trust","",NA,"20/21 Standards Met"
"281","RV9","HUMBER TEACHING NHS FOUNDATION TRUST","Trust",1999-10-01,NA,NA,"HUMBER TEACHING NHS FOUNDATION TRUST","20/21 Standards Met","29/06/2021","Mental Health Trust","",NA,"20/21 Standards Met"
"282","RVJ","NORTH BRISTOL NHS TRUST","Trust",1999-04-01,NA,NA,"NORTH BRISTOL NHS TRUST","20/21 Standards Met","28/07/2021","Acute","",NA,"20/21 Standards Met"
"283","RVN","AVON AND WILTSHIRE MENTAL HEALTH PARTNERSHIP NHS TRUST","Trust",1999-04-01,NA,NA,"AVON AND WILTSHIRE MENTAL HEALTH PARTNERSHIP NHS TRUST","20/21 Standards Met","30/06/2021","Mental Health Trust","",NA,"20/21 Standards Met"
"284","RVR","EPSOM AND ST HELIER UNIVERSITY HOSPITALS NHS TRUST","Trust",1999-04-01,NA,NA,"EPSOM AND ST HELIER UNIVERSITY HOSPITALS NHS TRUST","20/21 Standards Met","04/08/2021","Acute","",NA,"20/21 Standards Met"
"285","RVV","EAST KENT HOSPITALS UNIVERSITY NHS FOUNDATION TRUST","Trust",1999-04-01,NA,NA,"EAST KENT HOSPITALS UNIVERSITY NHS FOUNDATION TRUST","20/21 Standards Exceeded","29/06/2021","Acute","",NA,"20/21 Standards Exceeded"
"286","RVW","NORTH TEES AND HARTLEPOOL NHS FOUNDATION TRUST","Trust",1999-04-01,NA,NA,"NORTH TEES AND HARTLEPOOL NHS FOUNDATION TRUST","20/21 Standards Met","25/06/2021","Acute","",NA,"20/21 Standards Met"
"287","RVY","SOUTHPORT AND ORMSKIRK HOSPITAL NHS TRUST","Trust",1999-04-01,NA,NA,"SOUTHPORT AND ORMSKIRK HOSPITAL NHS TRUST","20/21 Standards Met","30/06/2021","Acute","",NA,"20/21 Standards Met"
"288","RW1","SOUTHERN HEALTH NHS FOUNDATION TRUST","Trust",2001-04-01,NA,NA,"SOUTHERN HEALTH NHS FOUNDATION TRUST","20/21 Standards Exceeded","22/06/2021","Mental Health Trust","",NA,"20/21 Standards Exceeded"
"289","RW4","MERSEY CARE NHS FOUNDATION TRUST","Trust",2001-04-01,NA,NA,"MERSEY CARE NHS FOUNDATION TRUST","20/21 Standards Met","30/07/2021","Mental Health Trust","",NA,"20/21 Standards Met"
"290","RW5","LANCASHIRE & SOUTH CUMBRIA NHS FOUNDATION TRUST","Trust",2002-04-01,NA,NA,"LANCASHIRE AND SOUTH CUMBRIA NHS FOUNDATION TRUST","20/21 Standards Met","30/06/2021","Mental Health Trust","",NA,"20/21 Standards Met"
"291","RW6","PENNINE ACUTE HOSPITALS NHS TRUST","Trust",2002-04-01,NA,NA,"PENNINE ACUTE HOSPITALS NHS TRUST","20/21 Standards Met","28/07/2021","Acute","",NA,"20/21 Standards Met"
"292","RWA","HULL UNIVERSITY TEACHING HOSPITALS NHS TRUST","Trust",1999-10-01,NA,NA,"Hull University Teaching Hospitals NHS Trust","20/21 Approaching Standards","30/06/2021","Acute","",NA,"20/21 Approaching Standards"
"293","RWD","UNITED LINCOLNSHIRE HOSPITALS NHS TRUST","Trust",2000-04-01,NA,NA,"UNITED LINCOLNSHIRE HOSPITALS NHS TRUST","20/21 Standards Met","30/06/2021","Acute","",NA,"20/21 Standards Met"
"294","RWE","UNIVERSITY HOSPITALS OF LEICESTER NHS TRUST","Trust",2000-04-01,NA,NA,"UNIVERSITY HOSPITALS OF LEICESTER NHS TRUST","20/21 Standards Met","27/07/2021","Acute","",NA,"20/21 Standards Met"
"295","RWF","MAIDSTONE AND TUNBRIDGE WELLS NHS TRUST","Trust",2000-04-01,NA,NA,"MAIDSTONE AND TUNBRIDGE WELLS NHS TRUST","20/21 Standards Met","28/07/2021","Acute","",NA,"20/21 Standards Met"
"296","RWG","WEST HERTFORDSHIRE HOSPITALS NHS TRUST","Trust",2000-04-01,NA,NA,"WEST HERTFORDSHIRE HOSPITALS NHS TRUST","20/21 Approaching Standards","29/06/2021","Acute","",NA,"20/21 Approaching Standards"
"297","RWH","EAST AND NORTH HERTFORDSHIRE NHS TRUST","Trust",2000-04-01,NA,NA,"EAST AND NORTH HERTFORDSHIRE NHS TRUST","20/21 Standards Met","28/07/2021","Acute","",NA,"20/21 Standards Met"
"298","RWJ","STOCKPORT NHS FOUNDATION TRUST","Trust",2000-04-01,NA,NA,"STOCKPORT NHS FOUNDATION TRUST","20/21 Standards Met","30/06/2021","Acute","",NA,"20/21 Standards Met"
"299","RWK","EAST LONDON NHS FOUNDATION TRUST","Trust",2000-04-01,NA,NA,"EAST LONDON NHS FOUNDATION TRUST","20/21 Standards Met","30/06/2021","Mental Health Trust","",NA,"20/21 Standards Met"
"300","RWP","WORCESTERSHIRE ACUTE HOSPITALS NHS TRUST","Trust",2000-04-01,NA,NA,"WORCESTERSHIRE ACUTE HOSPITALS NHS TRUST","20/21 Approaching Standards","30/07/2021","Acute","",NA,"20/21 Approaching Standards"
"301","RWR","HERTFORDSHIRE PARTNERSHIP UNIVERSITY NHS FOUNDATION TRUST","Trust",2001-04-01,NA,NA,"HERTFORDSHIRE PARTNERSHIP UNIVERSITY NHS FOUNDATION TRUST","20/21 Standards Met","06/08/2021","Mental Health Trust","",NA,"20/21 Standards Met"
"302","RWV","DEVON PARTNERSHIP NHS TRUST","Trust",2001-04-01,NA,NA,"DEVON PARTNERSHIP NHS TRUST","20/21 Standards Exceeded","30/06/2021","Mental Health Trust","",NA,"20/21 Standards Exceeded"
"303","RWW","WARRINGTON AND HALTON TEACHING HOSPITALS NHS FOUNDATION TRUST","Trust",2001-04-01,NA,NA,"Warrington and Halton Hospitals NHS Foundation Trust","20/21 Approaching Standards","07/07/2021","Acute","",NA,"20/21 Approaching Standards"
"304","RWX","BERKSHIRE HEALTHCARE NHS FOUNDATION TRUST","Trust",2001-04-01,NA,NA,"BERKSHIRE HEALTHCARE NHS FOUNDATION TRUST","20/21 Standards Exceeded","23/03/2021","Mental Health Trust","",NA,"20/21 Standards Exceeded"
"305","RWY","CALDERDALE AND HUDDERSFIELD NHS FOUNDATION TRUST","Trust",2001-04-01,NA,NA,"CALDERDALE AND HUDDERSFIELD NHS FOUNDATION TRUST","20/21 Standards Met","30/06/2021","Acute","",NA,"20/21 Standards Met"
"306","RX1","NOTTINGHAM UNIVERSITY HOSPITALS NHS TRUST","Trust",2006-04-01,NA,NA,"NOTTINGHAM UNIVERSITY HOSPITALS NHS TRUST","20/21 Approaching Standards","29/06/2021","Acute","",NA,"20/21 Approaching Standards"
"307","RX2","SUSSEX PARTNERSHIP NHS FOUNDATION TRUST","Trust",2006-04-01,NA,NA,"SUSSEX PARTNERSHIP NHS FOUNDATION TRUST","20/21 Standards Exceeded","27/07/2021","Mental Health Trust","",NA,"20/21 Standards Exceeded"
"308","RX3","TEES, ESK AND WEAR VALLEYS NHS FOUNDATION TRUST","Trust",2006-04-01,NA,NA,"TEES, ESK AND WEAR VALLEYS NHS FOUNDATION TRUST","20/21 Approaching Standards","30/06/2021","Mental Health Trust","",NA,"20/21 Approaching Standards"
"309","RX4","CUMBRIA, NORTHUMBERLAND, TYNE AND WEAR NHS FOUNDATION TRUST","Trust",2006-04-01,NA,NA,"CUMBRIA, NORTHUMBERLAND, TYNE AND WEAR NHS FOUNDATION TRUST","20/21 Standards Met","28/07/2021","Mental Health Trust","",NA,"20/21 Standards Met"
"310","RX6","NORTH EAST AMBULANCE SERVICE NHS FOUNDATION TRUST","Trust",2006-07-01,NA,NA,"NORTH EAST AMBULANCE SERVICE NHS FOUNDATION TRUST","20/21 Approaching Standards","01/07/2021","Ambulance Trust","",NA,"20/21 Approaching Standards"
"311","RX7","NORTH WEST AMBULANCE SERVICE NHS TRUST","Trust",2006-07-01,NA,NA,"NORTH WEST AMBULANCE SERVICE NHS TRUST","20/21 Approaching Standards","26/07/2021","Ambulance Trust","",NA,"20/21 Approaching Standards"
"312","RX8","YORKSHIRE AMBULANCE SERVICE NHS TRUST","Trust",2006-07-01,NA,NA,"YORKSHIRE AMBULANCE SERVICE NHS TRUST","20/21 Approaching Standards","30/06/2021","Ambulance Trust","",NA,"20/21 Approaching Standards"
"313","RX9","EAST MIDLANDS AMBULANCE SERVICE NHS TRUST","Trust",2006-07-01,NA,NA,"EAST MIDLANDS AMBULANCE SERVICE NHS TRUST","20/21 Approaching Standards","29/06/2021","Ambulance Trust","",NA,"20/21 Approaching Standards"
"314","RXA","CHESHIRE AND WIRRAL PARTNERSHIP NHS FOUNDATION TRUST","Trust",2002-04-01,NA,NA,"CHESHIRE AND WIRRAL PARTNERSHIP NHS FOUNDATION TRUST","20/21 Standards Met","30/07/2021","Mental Health Trust","",NA,"20/21 Standards Met"
"315","RXC","EAST SUSSEX HEALTHCARE NHS TRUST","Trust",2002-04-01,NA,NA,"EAST SUSSEX HEALTHCARE NHS TRUST","20/21 Standards Met","30/07/2021","Acute","",NA,"20/21 Standards Met"
"316","RXE","ROTHERHAM DONCASTER AND SOUTH HUMBER NHS FOUNDATION TRUST","Trust",2004-04-01,NA,NA,"Rotherham, Doncaster and South Humber NHS Foundation Trust","20/21 Standards Met","27/07/2021","Mental Health Trust","",NA,"20/21 Standards Met"
"317","RXF","MID YORKSHIRE HOSPITALS NHS TRUST","Trust",2002-04-01,NA,NA,"MID YORKSHIRE HOSPITALS NHS TRUST","20/21 Standards Met","14/06/2021","Acute","",NA,"20/21 Standards Met"
"318","RXG","SOUTH WEST YORKSHIRE PARTNERSHIP NHS FOUNDATION TRUST","Trust",2002-04-01,NA,NA,"SOUTH WEST YORKSHIRE PARTNERSHIP FOUNDATION NHS TRUST","20/21 Standards Exceeded","29/04/2021","Mental Health Trust","",NA,"20/21 Standards Exceeded"
"319","RXH","BRIGHTON AND SUSSEX UNIVERSITY HOSPITALS NHS TRUST","Trust",2002-04-01,2021-03-31,"RYR",NA,NA,NA,NA,NA,"20/21 Standards Met","20/21 Standards Met"
"320","RXK","SANDWELL AND WEST BIRMINGHAM HOSPITALS NHS TRUST","Trust",2002-04-01,NA,NA,"SANDWELL AND WEST BIRMINGHAM HOSPITALS NHS TRUST","20/21 Approaching Standards","06/07/2021","Acute","",NA,"20/21 Approaching Standards"
"321","RXL","BLACKPOOL TEACHING HOSPITALS NHS FOUNDATION TRUST","Trust",2002-04-01,NA,NA,"BLACKPOOL TEACHING HOSPITALS NHS FOUNDATION TRUST","20/21 Standards Met","03/08/2021","Acute","",NA,"20/21 Standards Met"
"322","RXM","DERBYSHIRE HEALTHCARE NHS FOUNDATION TRUST","Trust",2002-04-01,NA,NA,"Derbyshire Healthcare NHS Foundation Trust","20/21 Standards Met","23/06/2021","Mental Health Trust","",NA,"20/21 Standards Met"
"323","RXN","LANCASHIRE TEACHING HOSPITALS NHS FOUNDATION TRUST","Trust",2002-08-01,NA,NA,"LANCASHIRE TEACHING HOSPITALS NHS FOUNDATION TRUST","20/21 Standards Met","28/06/2021","Acute","",NA,"20/21 Standards Met"
"324","RXP","COUNTY DURHAM AND DARLINGTON NHS FOUNDATION TRUST","Trust",2002-10-01,NA,NA,"COUNTY DURHAM AND DARLINGTON NHS FOUNDATION TRUST","20/21 Standards Met","28/07/2021","Acute","",NA,"20/21 Standards Met"
"325","RXQ","BUCKINGHAMSHIRE HEALTHCARE NHS TRUST","Trust",2003-04-01,NA,NA,"Buckinghamshire Healthcare NHS Trust","20/21 Approaching Standards","30/06/2021","Acute","",NA,"20/21 Approaching Standards"
"326","RXR","EAST LANCASHIRE HOSPITALS NHS TRUST","Trust",2003-04-01,NA,NA,"EAST LANCASHIRE HOSPITALS NHS TRUST","20/21 Standards Met","03/08/2021","Acute","",NA,"20/21 Standards Met"
"327","RXT","BIRMINGHAM AND SOLIHULL MENTAL HEALTH NHS FOUNDATION TRUST","Trust",2003-04-01,NA,NA,"BIRMINGHAM AND SOLIHULL MENTAL HEALTH NHS FOUNDATION TRUST","20/21 Approaching Standards","30/06/2021","Mental Health Trust","",NA,"20/21 Approaching Standards"
"328","RXV","GREATER MANCHESTER MENTAL HEALTH NHS FOUNDATION TRUST","Trust",2003-04-01,NA,NA,"GREATER MANCHESTER MENTAL HEALTH NHS FOUNDATION TRUST","20/21 Standards Exceeded","31/03/2021","Mental Health Trust","",NA,"20/21 Standards Exceeded"
"329","RXW","THE SHREWSBURY AND TELFORD HOSPITAL NHS TRUST","Trust",2003-10-01,NA,NA,"SHREWSBURY AND TELFORD HOSPITAL NHS TRUST","20/21 Approaching Standards","03/08/2021","Acute","",NA,"20/21 Approaching Standards"
"330","RXX","SURREY AND BORDERS PARTNERSHIP NHS FOUNDATION TRUST","Trust",2005-04-01,NA,NA,"SURREY AND BORDERS PARTNERSHIP NHS FOUNDATION TRUST","20/21 Standards Met","30/06/2021","Mental Health Trust","",NA,"20/21 Standards Met"
"331","RXY","KENT AND MEDWAY NHS AND SOCIAL CARE PARTNERSHIP TRUST","Trust",2006-04-01,NA,NA,"KENT AND MEDWAY NHS AND SOCIAL CARE PARTNERSHIP TRUST","20/21 Standards Met","29/06/2021","Mental Health Trust","",NA,"20/21 Standards Met"
"332","RY2","BRIDGEWATER COMMUNITY HEALTHCARE NHS FOUNDATION TRUST","Trust",2010-11-01,NA,NA,"Bridgewater Community Healthcare NHS Foundation Trust","20/21 Approaching Standards","29/06/2021","Community Services Provider","",NA,"20/21 Approaching Standards"
"333","RY3","NORFOLK COMMUNITY HEALTH AND CARE NHS TRUST","Trust",2010-11-01,NA,NA,"Norfolk Community Health and Care NHS Trust","20/21 Standards Met","28/06/2021","Community Services Provider","",NA,"20/21 Standards Met"
"334","RY4","HERTFORDSHIRE COMMUNITY NHS TRUST","Trust",2010-11-01,NA,NA,"Hertfordshire Community NHS Trust (RY4)","20/21 Standards Met","31/03/2021","Community Services Provider","",NA,"20/21 Standards Met"
"335","RY5","LINCOLNSHIRE COMMUNITY HEALTH SERVICES NHS TRUST","Trust",2011-04-01,NA,NA,"Lincolnshire Community Health Services NHS Trust","20/21 Standards Met","11/06/2021","Community Services Provider","",NA,"20/21 Standards Met"
"336","RY6","LEEDS COMMUNITY HEALTHCARE NHS TRUST","Trust",2011-04-01,NA,NA,"Leeds Community Healthcare NHS Trust","20/21 Standards Met","30/06/2021","Community Services Provider","",NA,"20/21 Standards Met"
"337","RY7","WIRRAL COMMUNITY HEALTH AND CARE NHS FOUNDATION TRUST","Trust",2011-04-01,NA,NA,"Wirral Community Health and Care NHS Foundation Trust","20/21 Approaching Standards","30/06/2021","Community Services Provider","",NA,"20/21 Approaching Standards"
"338","RY8","DERBYSHIRE COMMUNITY HEALTH SERVICES NHS FOUNDATION TRUST","Trust",2011-04-01,NA,NA,"Derbyshire Community Health Services NHS Trust (East Midlands)","20/21 Standards Met","22/06/2021","Community Services Provider","",NA,"20/21 Standards Met"
"339","RY9","HOUNSLOW AND RICHMOND COMMUNITY HEALTHCARE NHS TRUST","Trust",2011-04-01,NA,NA,"Hounslow and Richmond Community Healthcare NHS Trust","20/21 Standards Met","28/06/2021","Community Services Provider","",NA,"20/21 Standards Met"
"340","RYA","WEST MIDLANDS AMBULANCE SERVICE UNIVERSITY NHS FOUNDATION TRUST","Trust",2006-07-01,NA,NA,"WEST MIDLANDS AMBULANCE SERVICE NHS TRUST","20/21 Standards Met","05/08/2021","Ambulance Trust","",NA,"20/21 Standards Met"
"341","RYC","EAST OF ENGLAND AMBULANCE SERVICE NHS TRUST","Trust",2006-07-01,NA,NA,"EAST OF ENGLAND AMBULANCE SERVICE NHS TRUST","20/21 Standards Met","04/08/2021","Ambulance Trust","",NA,"20/21 Standards Met"
"342","RYD","SOUTH EAST COAST AMBULANCE SERVICE NHS FOUNDATION TRUST","Trust",2006-07-01,NA,NA,"SOUTH EAST COAST AMBULANCE SERVICE NHS TRUST","20/21 Approaching Standards","29/06/2021","Ambulance Trust","",NA,"20/21 Approaching Standards"
"343","RYE","SOUTH CENTRAL AMBULANCE SERVICE NHS FOUNDATION TRUST","Trust",2006-07-01,NA,NA,"SOUTH CENTRAL AMBULANCE SERVICE NHS TRUST","20/21 Approaching Standards","30/06/2021","Ambulance Trust","",NA,"20/21 Approaching Standards"
"344","RYF","SOUTH WESTERN AMBULANCE SERVICE NHS FOUNDATION TRUST","Trust",2006-07-01,NA,NA,"SOUTH WESTERN AMBULANCE SERVICE NHS TRUST","20/21 Standards Met","30/06/2021","Ambulance Trust","",NA,"20/21 Standards Met"
"345","RYG","COVENTRY AND WARWICKSHIRE PARTNERSHIP NHS TRUST","Trust",2006-10-01,NA,NA,"COVENTRY AND WARWICKSHIRE PARTNERSHIP NHS TRUST","20/21 Standards Met","29/06/2021","Mental Health Trust","",NA,"20/21 Standards Met"
"346","RYJ","IMPERIAL COLLEGE HEALTHCARE NHS TRUST","Trust",2007-10-01,NA,NA,"IMPERIAL COLLEGE HEALTHCARE NHS TRUST","20/21 Standards Met","29/07/2021","Acute","",NA,"20/21 Standards Met"
"347","RYK","DUDLEY INTEGRATED HEALTH AND CARE NHS TRUST","Trust",2008-10-01,NA,NA,"Dudley Integrated Health and Care NHS Trust","20/21 Approaching Standards","05/07/2021","Community Services Provider","",NA,"20/21 Approaching Standards"
"348","RYR","UNIVERSITY HOSPITALS SUSSEX NHS FOUNDATION TRUST","Trust",2009-04-01,NA,NA,"University Hospitals Sussex NHS Foundation Trust","20/21 Standards Met","26/04/2021","Acute","",NA,"20/21 Standards Met"
"349","RYV","CAMBRIDGESHIRE COMMUNITY SERVICES NHS TRUST","Trust",2010-04-01,NA,NA,"Cambridgeshire Community Services NHS Trust","20/21 Standards Met","30/06/2021","Community Services Provider","",NA,"20/21 Standards Met"
"350","RYW","BIRMINGHAM COMMUNITY HEALTHCARE NHS FOUNDATION TRUST","Trust",2010-11-01,NA,NA,"Birmingham Community Healthcare NHS Foundation Trust","20/21 Approaching Standards","29/06/2021","Community Services Provider","",NA,"20/21 Approaching Standards"
"351","RYX","CENTRAL LONDON COMMUNITY HEALTHCARE NHS TRUST","Trust",2010-11-01,NA,NA,"Central London Community Healthcare NHS Trust","20/21 Standards Met","29/06/2021","Community Services Provider","",NA,"20/21 Standards Met"
"352","RYY","KENT COMMUNITY HEALTH NHS FOUNDATION TRUST","Trust",2010-11-01,NA,NA,"Kent Community Health NHS Foundation Trust","20/21 Standards Met","26/05/2021","Community Services Provider","",NA,"20/21 Standards Met"
